Description : test KALMAN ; walk_time = 5.0 ; speed_up_time = 3.0 ; balancing_time = 0.0,False,False,rollref/nofile,strratedistbref/nofile,non-applicable,b'ZnJvbSBjb25zdGFudHMgaW1wb3J0ICoKZnJvbSBtYXRoIGltcG9ydCBwaSBhcyBQSQppbXBvcnQg\nbnVtcHkgYXMgbnAKCmRlZzJyYWQgPSAzLjE0MTU5LzE4MC4wCgojIyMjIyMjIyMjIyMjIyMjIyMj\nIyMjIyMjIyMjIyMjIyMjIyMjIyMjIyMjIyMjIyMjIyMjIyMjIyMjIyMjIyMjIyMjIyMjIyMjIyMj\nIyMjIyMjIyMjIyMjIyMjIyMjIyMjIyMjIyMjIyMjIyMjIyMjIyMjIwojIyMjIyMjIyMjIyMjIyMj\nIyMjIyMjIyMjIyMjIyMjIyMjIyMjIyMjIyMjIyMjIyMjIyMjIyMjIyMjIyMjIyMjIyMjIyMjIyMj\nIyMjIyMjIyMjIyMjIyMjIyMjIyMjIyMjIyMjIyMjIyMjIyMjIyMjIyMjIwojIEV4cGVyaW1lbnQg\nUGFyYW1ldGVycwpiaWtlID0gJ2JsYWNrYmlrZScgICAgICAgICAgICAgICAgICAgICAgICAgICAg\nICAjIENob2ljZSBvZiB0aGUgYmlrZSA6ICdyZWRiaWtlJyBvciAnYmxhY2tiaWtlJwpiYWxhbmNp\nbmdfY29udHJvbGxlcl9zdHJ1Y3R1cmUgPSAndGVjaG5pb24nICAgICAjIENob2ljZSBvZiB0aGUg\nYmFsYW5jaW5nIGNvbnRyb2xsZXIgc3RydWN0dXJlIDogJ2NoYWxtZXJzJywgJ3RlY2huaW9uJyBv\nciAnbWRoJwogICAgICAgICAgICAgICAgICAgICAgICAgICAgICAgICAgICAgICAgICAgICAgICAg\nICAgIyBDaGFsbWVycyBDb250cm9sbGVyIHN0cnVjdHVyZSA6IGRlbHRhZG90ID0gUElEKHBoaWRv\ndCkKICAgICAgICAgICAgICAgICAgICAgICAgICAgICAgICAgICAgICAgICAgICAgICAgICAgICMg\nVGVjaG5pb24gQ29udHJvbGxlciBTdHJ1Y3R1cmUgOiBwaGlkb3RyZWYgPSBQSUQocGhpKSA7IGRl\nbHRhZG90ID0gUElEKHBoaWRvdCxwaGlkb3RyZWYpCiAgICAgICAgICAgICAgICAgICAgICAgICAg\nICAgICAgICAgICAgICAgICAgICAgICAgICAjIE1ESCBDb250cm9sbGVyIHN0cnVjdHVyZSA6IGRl\nbHRhID0gUElEKHBoaSkgOyBkZWx0YWRvdCA9IFBJRChkZWx0YSkKCmluaXRpYWxfc3BlZWQgPSAz\nLjIgICAgICAgICAgICAgICAgICAgICAgICAgICAgICAjIFttL3NdIEZvcndhcmQgc3BlZWQgb2Yg\ndGhlIGJpa2UKCmNvbnRyb2xsZXJfZnJlcXVlbmN5ID0gMTAwICAgICAgICAgICAgICAgICAgICAg\nICMgW0h6XUNvbnRyb2xsZXIgZnJlcXVlbmN5CnNhbXBsZV90aW1lID0gMS4wIC8gY29udHJvbGxl\ncl9mcmVxdWVuY3kgICAgICAgICMgW3NdIFNhbXBsaW5nIHRpbWUKCnRlc3RfZHVyYXRpb24gPSA1\nNTU1LjAgICAgICAgICAgICAgICAgICAgICAgICAgICMgW3NdIER1cmF0aW9uIG9mIHRoZSB0ZXN0\nCnN0YXJ0X3VwX2ludGVydmFsID0gNSAgICAgICAgICAgICAgICAgICAgICAgICAgICMgW3NdIFRp\nbWUgdG8gd2FpdCBiZWZvcmUgcnVubmluZyBkcml2ZSBtb3RvciBhZnRlciByZWNlaXZpbmcgaW5w\ndXQgZnJvbSB1c2VyIHRvIHJ1biB0aGUgYmlrZQojIHNwZWVkX3VwX3RpbWUgPSB0ZXN0X2R1cmF0\naW9uICAgICAgICAgICAgICAgICAgICMgW3NdIER1cmF0aW9uIG9mIHRoZSB0ZXN0CnNwZWVkX3Vw\nX3RpbWUgPSAzLjAgICAgICAgICAgICAgICAgICAgICAgICAgICAgICMgW3NdIFRpbWUgdG8gcnVu\nIHRoZSBkcml2ZSBtb3RvciB3aXRob3V0IHN0ZWVyaW5nIGNvbnRyb2xsZXIgdG8gZ2V0IGJpa2Ug\ndXAgdG8gc3BlZWQKd2Fsa190aW1lID0gNS4wICAgICAgICAgICAgICAgICAgICAgICAgICAgICAg\nICAgIyBbc10gVGltZSB0byB3YWxrIHRoZSBiaWtlIHdoaWxlIG1hbnVhbGx5IGNvbnRyb2xsaW5n\nIHN0ZWVyaW5nIHRvIGdldCBhbiBlc3RpbWF0ZSBvZiB0aGUgc3RlZXJpbmcgYW5nbGUgb2Zmc2V0\nCm1heF9leGNlZWRfY291bnQgPSAxMCAgICAgICAgICAgICAgICAgICAgICAgICAgICMgTnVtYmVy\nIG9mIHRpbWVzIHdoZXJlIGNhbGN1bGF0aW9uIHRpbWUgY2FuIGV4Y2VlZCBzYW1wbGluZyB0aW1l\nIGJlZm9yZSBhYm9ydGluZyBleHBlcmltZW50CgpwYXRoX3RyYWNraW5nID0gMCAgICAgICAgICAg\nICAgICAgICAgICAgICAgICAgICAjIDEgPSB1c2UgcGF0aCB0cmFja2luZyA7IDAgPSBkbyBub3Qg\ndXNlIHBhdGggdHJhY2tpbmcKIyBwYXRoX3RyYWNraW5nX2VuZ2FnZWQgPSAwCmJhbGFuY2luZ190\naW1lID0gMC4wICAgICAgICAgICAgICAgICAgICAgICAgICAgICMgVGhlIHRpbWUgZWxhcHNlZCBm\nb3IgYmFsYW5jaW5nIGJlZm9yZSB0aGUgcGF0aCB0cmFja2luZyBpcyBlbmdhZ2VkLgpwYXRoX3Ry\nYWNraW5nX3N0cnVjdHVyZSA9ICdzZXJpZXMnICAgICAgICAgICAgICAjICdwYXJhbGxlbCcgOiBk\naXJlY3Rpb24gYW5kIGxhdGVyYWwgY29udHJvbGxlciBpbiBwYXJhbGxlbCA6IHBoaXJlZiA9IFBJ\nRChoZWFkaW5nKSArIFBJRChsYXRlcmFsKQogICAgICAgICAgICAgICAgICAgICAgICAgICAgICAg\nICAgICAgICAgICAgICAgICAjICdzZXJpZXMnIDogZGlyZWN0aW9uIGFuZCBsYXRlcmFsIGNvbnRy\nb2xsZXIgaW4gc2VyaWVzIDogcGhpcmVmID0gUElEKGhlYWRpbmcpIDsgaGVhZGluZ3JlZiA9IFBJ\nRChsYXRlcmFsKQpsYXRlcmFsRXJyb3JfY29udHJvbGxlciA9IDAgICAgICAgICAgICAgICAgICAg\nICAjIDEgPSB1c2UgbGF0ZXJhbCBlcnJvciBjb250cm9sbGVyIDsgMCA9IGRvIG5vdCB1c2UgbGF0\nZXJhbCBlcnJvciBjb250cm9sbGVyCmhlYWRpbmdfY29udHJvbGxlciA9IDAgICAgICAgICAgICAg\nICAgICAgICAgICAgICMgMSA9IHVzZSBoZWFkaW5nIGNvbnRyb2xsZXIgOyAwID0gZG8gbm90IHVz\nZSBoZWFkaW5nIGNvbnRyb2xsZXIKIyBwYXRoX2VuZCA9ICcnICAgICAgICAgICAgICAgICAgICAg\nICAgICAgICAgICAgICAjIFdBUk5JTkcgOiBZT1UgV0lMTCBORUVEIFRPIENBVENIIFRIRSBCSUtF\nIE9SIElUIE1JR0hUIEZBTEwgIC0gRG8gbm90aGluZyB3aGVuIHdlIHJlYWNoIHRoZSBlbmQgb2Yg\ndGhlIHBhdGgKcGF0aF9lbmQgPSAnY2lyY2xlJyAgICAgICAgICAgICAgICAgICAgICAgICAgICAg\nIyBHbyBpbnRvIGEgY2lyY2xlIGFmdGVyIHdlIHJlYWNoIHRoZSBlbmQgb2YgdGhlIHJlZmVyZW5j\nZSBwYXRoCiMgcGF0aF9lbmQgPSAndXR1cm4nICAgICAgICAgICAgICAgICAgICAgICAgICAgICAg\nIyBEbyBhIFUtdHVybiBhbmQgY29tZSBiYWNrIHRvIHN0YXJ0IG9mIHBhdGggYWZ0ZXIgd2UgcmVh\nY2ggdGhlIGVuZCBvZiB0aGUgcmVmZXJlbmNlIHBhdGgKcGF0aF9lbmRfY2lyY2xlX3JvbGxSZWYg\nPSAtNiAgICAgICAgICAgICAgICAgICAgICMgW2RlZ10gQ29uc3RhbnQgcm9sbCByZWZlcmVuY2Ug\ndG8gZ28gaW50byBhIGNpcmNsZSBhZnRlciB3ZSByZWFjaCB0aGUgZW5kIG9mIHRoZSByZWZlcmVu\nY2UgcGF0aApwYXRoX2VuZF91dHVybl9yYWRpdXMgPSAxNSAgICAgICAgICAgICAgICAgICAgICAj\nIFttXSBNYXhpbXVtIHR1cm5pbmcgcmFkaXVzIG9mIHRoZSBVLXR1cm4gdG8gY29tZSBiYWNrIHRv\nIHN0YXJ0IG9mIHBhdGggYWZ0ZXIgd2UgcmVhY2ggdGhlIGVuZCBvZiB0aGUgcmVmZXJlbmNlIHBh\ndGgKcGF0aF9lbmRfdXR1cm5fc3RlcFNpemUgPSAxICAgICAgICAgICAgICAgICAgICAgIyBbbV0g\nU3RlcCBzaXplIG9mIHRoZSBwYXRoIGRlc2NyaWJpbmcgdGhlIFUtdHVybiB0byBjb21lIGJhY2sg\ndG8gc3RhcnQgb2YgcGF0aCBhZnRlciB3ZSByZWFjaCB0aGUgZW5kIG9mIHRoZSByZWZlcmVuY2Ug\ncGF0aApwYXRoX2VuZF91dHVybl9sZWZ0ID0gMCAgICAgICAgICAgICAgICAgICAgICAgICAjIDEg\nPSBkbyB0aGUgVS10dXJuIHRvIHRoZSBsZWZ0IDsgMCA9IGRvIHRoZSBVLXR1cm4gdG8gdGhlIHJp\nZ2h0CnBhdGhfZW5kX3V0dXJuX2Rpc3RhbmNlRW5kUGF0aCA9IDQwICAgICAgICAgICAgICMgW21d\nIERpc3RhbmNlIGZyb20gbGFzdCBwb2ludCBvZiByZWZlcmVuY2UgcGF0aCBhdCB3aGljaCB0aGUg\nYmlrZSBzaG91bGQgZ2V0IGJhY2sgb24gcGF0aCBpbiBvcHBvc2l0ZSBkaXJlY3Rpb24gYWZ0ZXIg\nVS10dXJuCgojIENob2ljZSB0byB1c2UgbW9yZSBkZWJ1ZyBvdXRwdXRzCmRlYnVnID0gMCAgICAg\nICAgICAgICAgICMgMSA9IGRlYnVnIHByaW50IG91dHB1dHMgYXJlIGVuYWJsZWQgOyAwID0gZGVi\ndWcgcHJpbnQgb3V0cHV0cyBhcmUgZGlzYWJsZWQKCiMgQ2hvaWNlIHRvIHVzZSBQb3RlbnRpb21l\ndGVyCnBvdGVudGlvbWV0ZXJfdXNlID0gMCAgICMgMSA9IHVzZSBwb3RlbnRpb21ldGVyIDsgMCA9\nIGRvIG5vdCB1c2UgcG90ZW50aW9tZXRlcgoKIyBDaG9pY2UgdG8gdXNlIEdQUyAoZm9yIG91dGRv\nb3JzIHVzZSBvbmx5KSBvciBub3QKZ3BzX3VzZSA9IDEgICAgICAgICAgICAgIyAxID0gdXNlIEdQ\nUyA7IDAgPSBkbyBub3QgdXNlIEdQUwpudHJpcF9jb3JyZWN0aW9uID0gMCAgICAjIDEgPSBVc2Ug\nTlRSSVAgY29ycmVjdGlvbiB0byBpbXByb3ZlIGFjY3VyYWN5IG9mIEdQUyA7IDAgPSBkbyBub3Qg\ndXNlIE5UUklQCgojIENob2ljZSB0byB1c2UgTGFzZXIgUmFuZ2VyIChmb3IgaW5kb29ycyB1c2Ug\nb24gcm9sbGVyIG9ubHkpIG9yIG5vdApsYXNlclJhbmdlcl91c2UgPSAwICAgICAjIDEgPSB1c2Ug\nbGFzZXIgcmFuZ2VycyA7IDAgPSBkbyBub3QgdXNlIGxhc2VyIHJhbmdlcnMKCiMgQ2hvaWNlIHRv\nIHVzZSBWaXJ0dWFsIE9kb21ldGVyUmFuZ2VyIG9yIG5vdAojIFdpbGwgZXN0aW1hdGUgcG9zaXRp\nb24gYW5kIGhlYWRpbmcgZnJvbSBzdGVlcmluZyBhbmdsZSBhbmQgdmVsb2NpdHkKIyBXQVJOSU5H\nIDogaGlnaGx5IGltcHJlY2lzZSAhISEKdmlydHVhbF9vZG9tZXRlciA9IDAKCiMgUm9sbCBSZWZl\ncmVuY2UgVHJhY2tpbmc6CnJvbGxfcmVmX3VzZSA9IDAKcm9sbF9yZWZfc3RlcF9pbXBfZmxhZyA9\nIDAgICMgMCBtZWFucyBzdGVwLCAxIG1lYW5zIGltcHVsc2UKcm9sX3JlZl9wZXJpb2RpYyA9IDAK\nCiMgUm9sbCBlc3RpbWF0aW9uIG9wdGlvbgpFc3RpbWF0b3Jfb3B0aW9uID0gMgojIyMjIyMjIyMj\nIyMjIyMjIyMjIyMjIyMjIyMjIyMjIyMjIyMjIyMjIyMjIyMjIyMjIyMjIyMjIyMjIyMjIyMjIyMg\nIyMjIyMjIyMjIyMjIyMjIyMjIyMjIyMjIyMjIyMjIyMjIyMjIyMjIyMjIyMjIyMjIyMKCiMjIyMj\nIyMjIyMjIyMjIyMjIyMjIyMjIyMjIyMjIyMjIyMjIyMjIyMjIyMjIyMjIyMjIyMjIyMjIyMjIyMj\nIyMjIyMjIyMjIyMjIyMjIyMjIyMjIyMjIyMjIyMjIyMjIyMjIyMjIyMjIyMjIyMjIyMjIyMjCiMg\nUmVmZXJlbmNlIFBhdGggZmlsZQojIE5hbWUgb2YgdGhlIGZpbGUgcGF0aCB3aXRoICIuY3N2IiBl\neHRlbnNpb24uIE11c3QgYmUgcGxhY2VkIGluICJwYXRocyIgZm9sZGVyLgojIE11c3QgYmUgYSBD\nU1Ygd2l0aCA0IGNvbHVtbnMgOiB0aW1lLCB4LCB5LCBoZWFkaW5nCiMgQ2FuIGFsc28gYmUgJ3Bv\ndCcgdG8gdXNlIHRoZSBwb3RlbnRpb21ldGVyIGFzIHkgcG9zaXRpb24gb24gdGhlIHJvbGxlcgoj\nIENhbiBhbHNvIGJlIGEgQ1NWIGZpbGUgd2l0aCAzIGNvbHVtbnMgOiB0aW1lLCBsYXQsIGxvbi4K\nIyBDYW4gYWxzbyBiZSAnbmV3ZXN0JyB0byBsb2FkIHRoZSBtb3N0IHJlY2VudCBsYXQvbG9uIHBh\ndGggZnJvbSAicGF0aHMiLgoKcGF0aF9maWxlID0gJ25ld2VzdCcKIyBwYXRoX2ZpbGUgPSAncGF0\naF8yMDIwMTEyNS0wOTMwMDAuY3N2JwoKIyBwYXRoX2ZpbGUgPSAncmFtcF9oZWFkaW5nX3BhdGhf\ndGVzdF85c2Vjc181ZGVnLmNzdicKIyBwYXRoX2ZpbGUgPSAnc3RlcF9oZWFkaW5nX3BhdGhfOXNl\nY3NfbTVkZWcuY3N2JwojIHBhdGhfZmlsZSA9ICdzdGVwX2hlYWRpbmdfcGF0aF85c2Vjc19tMTBk\nZWcuY3N2JwojIHBhdGhfZmlsZSA9ICdzdGVwX2hlYWRpbmdfcGF0aF8xMnNlY3NfbTVkZWcuY3N2\nJwojIHBhdGhfZmlsZSA9ICdzdGVwX2hlYWRpbmdfcGF0aF8xMnNlY3NfbTEwZGVnLmNzdicKIyBw\nYXRoX2ZpbGUgPSAnc3RyYWlnaHRfcGF0aC5jc3YnCiMgcGF0aF9maWxlID0gJ2xhdGxvbl9zdHJh\naWdodF9wYXJraW5nLmNzdicKIyBwYXRoX2ZpbGUgPSAncmFtcF9oZWFkaW5nX3BhdGhfbm9jb2Fz\ndGluZ182c2Vjc181ZGVnLmNzdicKCiMjIyMjIyMjIyMjIyMjIyMjIyMjIyMjIyMjIyMjIyMjIyMj\nIyMjIyMjIyMjIyMjIyMjIyMjIyMjIyMjIyMjIyMjIyMjIyMjIyMjIyMjIyMjIyMjIyMjIyMjIyMj\nIyMjIyMjIyMjIyMjIyMjIyMjIyMjIyMjCiMjIyMjIyMjIyMjIyMjIyMjIyMjIyMjIyMjIyMjIyMj\nIyMjIyMjIyMjIyMjIyMjIyMjIyMjIyMjIyMjIyMjIyMjIyMjIyMjIyMjIyMjIyMjIyMjIyMjIyMj\nIyMjIyMjIyMjIyMjIyMjIyMjIyMjIyMjIyMjCiMgUmVmZXJlbmNlIHJvbGwgZmlsZQojIE5hbWUg\nb2YgdGhlIHJvbGwgcmVmZXJlbmNlIGZpbGUgd2l0aCAiLmNzdiIgZXh0ZW5zaW9uLiBNdXN0IGJl\nIHBsYWNlZCBpbiAicm9sbHJlZiIgZm9sZGVyLgojIE11c3QgYmUgYSBDU1Ygd2l0aCAyIGNvbHVt\nbnMgOiBUaW1lLCByb2xscmVmLiBNdXN0IGNvbnRhaW4gInJvbGxyZWYiIGluIHRoZSBuYW1lCiMg\nQ2FuIGFsc28gYmUgJ25vZmlsZScgdG8gdXNlIG5vdCByZWFkIGEgQ1NWIGZpbGUgYW5kIHVzZSBh\nIHJvbGwgcmVmZXJlbmNlIGRlZmluZWQgaW4gdGhlIFB5dGhvbiBjb2RlCiMgcm9sbHJlZl9maWxl\nID0gJ3JvbGxyZWZfdGVzdDEuY3N2JwojIHJvbGxyZWZfZmlsZSA9ICdyb2xsX3JlZl9zcXJfNS5j\nc3YnCnJvbGxyZWZfZmlsZSA9ICdub2ZpbGUnCgojIFR1cm4gdG8gUklHSFQsIFQgaXMgdGhlIHBl\ncmlvZAojIHJvbGxyZWZfZmlsZSA9ICdyb2xsX3JlZl8wLmNzdicKIyByb2xscmVmX2ZpbGUgPSAn\ncm9sbF9yZWZfbDNkZWcuY3N2Jwojcm9sbHJlZl9maWxlID0gJ3JvbGxfcmVmX2w1ZGVnLmNzdicK\nI3JvbGxyZWZfZmlsZSA9ICdyb2xsX3JlZl9sMTBkZWcuY3N2Jwojcm9sbHJlZl9maWxlID0gJ3Jv\nbGxfcmVmX3IzZGVnLmNzdicgICMgRGlyZWN0aW9uIGludmVyc2VkLCBzbyBsZWFuaW5nIHRvIGxl\nZnQhCiNyb2xscmVmX2ZpbGUgPSAncm9sbF9yZWZfcjVkZWcuY3N2Jwojcm9sbHJlZl9maWxlID0g\nJ3JvbGxfcmVmX3IxMGRlZy5jc3YnCiMgcm9sbHJlZl9maWxlID0gJ3JvbGxfcmVmX1N0ZXBUNV8z\nZGVnLmNzdicKI3JvbGxyZWZfZmlsZSA9ICdyb2xsX3JlZl9TdGVwVDVfNWRlZy5jc3YnCiNyb2xs\ncmVmX2ZpbGUgPSAncm9sbF9yZWZfU3RlcFQ1Xy0zZGVnLmNzdicKI3JvbGxyZWZfZmlsZSA9ICdy\nb2xsX3JlZl9TdGVwVDVfLTVkZWcuY3N2JwojIHJvbGxyZWZfZmlsZSA9ICdyb2xsX1VyZWZCYW5k\nU3RvcDIzX01hZ1BNMTBMUDUuY3N2Jwojcm9sbHJlZl9maWxlID0gJ3JvbGxfVXJlZkJhbmRTdG9w\nMjNfTWFnUE0xNExQNS5jc3YnCiNyb2xscmVmX2ZpbGUgPSAncm9sbF9VcmVmQmFuZFN0b3AyM19N\nYWdQTTVMUDQuY3N2JwoKIyMjIyMjIyMjIyMjIyMjIyMjIyMjIyMjIyMjIyMjIyMjIyMjIyMjIyMj\nIyMjIyMjIyMjIyMjIyMjIyMjIyMjIyMjIyMjIyMjIyMjIyMjIyMjIyMjIyMjIyMjIyMjIyMjIyMj\nIyMjIyMjIyMjIyMjIyMjIyMKIyMjIyMjIyMjIyMjIyMjIyMjIyMjIyMjIyMjIyMjIyMjIyMjIyMj\nIyMjIyMjIyMjIyMjIyMjIyMjIyMjIyMjIyMjIyMjIyMjIyMjIyMjIyMjIyMjIyMjIyMjIyMjIyMj\nIyMjIyMjIyMjIyMjIyMjIyMjIyMKIyBTdGVlcmluZyBkaXN0dXJiYW5jZSBmaWxlCnN0cmRpc3Ri\ncmVmX2ZpbGUgPSAnbm9maWxlJwojIHN0cmRpc3RicmVmX2ZpbGUgPSAnc3RyX1VkaXN0Yl9iYW5k\nc3RvcDIzXzVkZWdMUDMuY3N2Jwojc3RyZGlzdGJyZWZfZmlsZSA9ICdzdHJfVWRpc3RiX2JhbmRz\ndG9wMjNfOWRlZ0xQNS5jc3YnCiNzdHJkaXN0YnJlZl9maWxlID0gJ3N0cl9VZGlzdGJfYmFuZHN0\nb3AyM180ZGVnTFA1LmNzdicKCgpyb2xsX3JlZl9zdGFydF90aW1lID0gNi4wCnJvbGxfcmVmX2Vu\nZF90aW1lID0gMTAwMC4wCmlmIHJvbF9yZWZfcGVyaW9kaWMgaXMgMToKICAgIHJvbGxfcmVmX3Bl\ncmlvZCA9IChyb2xsX3JlZl9lbmRfdGltZSAtIHJvbGxfcmVmX3N0YXJ0X3RpbWUpKjIKcm9sbF9y\nZWZfTWFnID0gLTAuMCAqIGRlZzJyYWQKIyByb2xsX3JlZl9NYWcgPSAtNS4wICogZGVnMnJhZCAj\nICBSaWdodCBzaWRlCiMgcm9sbF9yZWZfTWFnID0gLTguMCAqIGRlZzJyYWQKIyByb2xsX3JlZl9N\nYWcgPSA1LjAgKiBkZWcycmFkICAgIyBMZWZ0IFNpZGUKI3JvbGxfcmVmX01hZyA9IDguMCAqIGRl\nZzJyYWQKCmNpcmNsZV9zd2l0Y2ggPSBGYWxzZSAjIFlvdSBjYW4ndCB1c2UgMSB0byByZXBsYWNl\nIFRydWUhCmlmIGNpcmNsZV9zd2l0Y2ggaXMgVHJ1ZToKICAgIHJvbF9yZWZfcGVyaW9kaWMgPSAx\nCiAgICByb2xsX3JlZl9zdGFydF90aW1lMSA9IDYuMAogICAgcm9sbF9yZWZfTWFnMSA9IC01LjAg\nKiBkZWcycmFkCiAgICByb2xsX3JlZjFfcGVyaW9kID0gMjQuMDYgIyBUaW1lIGVsYXBzZWQgZm9y\nIG9uZSBjaXJjbGUgYXQgNS4wIGRlZ3Mgcm9sbCB3aGVuIHY9IDMKICAgIHJvbGxfcmVmX3N0YXJ0\nX3RpbWUyID0gcm9sbF9yZWZfc3RhcnRfdGltZTEgKyByb2xsX3JlZjFfcGVyaW9kCiAgICByb2xs\nX3JlZl9NYWcyID0gLTguMCAqIGRlZzJyYWQKICAgIHJvbGxfcmVmMl9wZXJpb2QgPSAxNS4wICMg\nZm9yIG9uZSBjaXJjbGUgYXQgOC4wIHNlY3MgdiA9IDMKICAgIHJvbGxfcmVmX3RvdGFscGVyaW9k\nID0gcm9sbF9yZWYxX3BlcmlvZCArIHJvbGxfcmVmMl9wZXJpb2QKICAgIHJvbGxfcmVmX2VuZF90\naW1lID0gcm9sbF9yZWZfc3RhcnRfdGltZTEgKyByb2xsX3JlZl90b3RhbHBlcmlvZAoKCgoKcm9s\nbF9yZWZfaW1wX3N0YXJ0X3RpbWUxID0gNC4wCnJvbGxfcmVmX2ltcF9zdGFydF90aW1lMiA9IDcu\nMAoKCnJvbGxfcmVmX2ltcF9NYWcgPSA1LjAgKiBkZWcycmFkCgoKIyMjIyMjIyMjIyMjIyMjIyMj\nIyMjIyMjIyMjIyMjIyMjIyMjIyMjIyMjIyMjIyMjIyMjIyMjIyMjIyMjIyMjIyMjIyMjIyMjIyMj\nIyMjIyMjIyMjIyMjIyMjIyMjIyMjIyMjIyMjIyMjIyMjIyMjIyMjIyMKIyMjIyMjIyMjIyMjIyMj\nIyMjIyMjIyMjIyMjIyMjIyMjIyMjIyMjIyMjIyMjIyMjIyMjIyMjIyMjIyMjIyMjIyMjIyMjIyMj\nIyMjIyMjIyMjIyMjIyMjIyMjIyMjIyMjIyMjIyMjIyMjIyMjIyMjIyMjIyMKIyBMb2FkIGJpa2Ug\nc3BlY2lmaWMgcGFyYW1ldGVycwppZiBiaWtlID09ICdibGFja2Jpa2UnOgogICAgZnJvbSBwYXJh\nbV9ibGFja2Jpa2UgaW1wb3J0ICoKZWxpZiBiaWtlID09ICdyZWRiaWtlJzoKICAgIGZyb20gcGFy\nYW1fcmVkYmlrZSBpbXBvcnQgKgplbHNlOgogICAgcHJpbnQoIkJpa2UgY2hvaWNlIGlzIG5vdCB2\nYWxpZCA6IFwiJXNcIjsgVXNpbmcgYmxhY2sgYmlrZSBhcyBkZWZhdWx0LlxuIiAlIChiaWtlKSkK\nICAgIGZyb20gcGFyYW1fYmxhY2tiaWtlIGltcG9ydCAqCg==\n',b'ZnJvbSBtYXRoIGltcG9ydCBwaSBhcyBQSQppbXBvcnQgbnVtcHkgYXMgbnAKZnJvbSBwYXJhbSBp\nbXBvcnQgaW5pdGlhbF9zcGVlZCwgY29udHJvbGxlcl9mcmVxdWVuY3kKZnJvbSBjb25zdGFudHMg\naW1wb3J0ICoKCgojIyMjIyMjIyMjIyMjIyMjIyMjIyMjIyMjIyMjIyMjIyMjIyMjIyMjIyMjIyMj\nIyMjIyMjIyMjIyMjIyMjIyMjIyMjIyMjIyMjIyMjIyMjIyMjIyMjIyMjIyMjIyMjIyMjIyMjIyMj\nIyMjIyMjIyMjIyMjIyMjIyMKIyBCaWtlIFBhcmFtZXRlcnMKIyBiID0gMS4wOTUgICAgICAgICAg\nICAgICAgICAgICAgICAgICAgICAgICAgICMgW21dIERpc3RhbmNlIGJldHdlZW4gd2hlZWwgY2Vu\ndGVycwojIExFTkdUSF9BID0gMC4zMjUgICMgW21dIERpc3RhbmNlIGZyb20gcmVhciB3aGVlbCB0\nbyBDT00KTEVOR1RIX0EgPSAwLjY2ODcgICMgW21dIERpc3RhbmNlIGZyb20gcmVhciB3aGVlbCB0\nbyBDT00KTEVOR1RIX0IgPSAxLjE1ICAgIyBbbV0gRGlzdGFuY2UgYmV0d2VlbiB3aGVlbCBjZW50\nZXJzCmxhbWJkYV9iaWtlID0gNjYqZGVnMnJhZCAjIFtyYWRdIEFuZ2xlIG9mIHRoZSBmb3JrIGF4\naXMKCiMgV2hlZWwKd2hlZWxfZGlhbWV0ZXIgPSAwLjY5NCAgICAgICAgICAgICAgICAgICAgICAj\nIFttXSBXaGVlbCBkaWFtZXRlcgp0eXJlX3JhdGlvID0gMC43IC8gd2hlZWxfZGlhbWV0ZXIgICAg\nICAgICAgICMgVHlyZSByYXRpbwp3aGVlbF9jaXJjdW1mZXJlbmNlID0gd2hlZWxfZGlhbWV0ZXIg\nKiBQSSAgICMgW21dIFdoZWVsIGNpcmN1bWZlcmVuY2UKCiMgSU1VCmltdV9oZWlnaHQgPSAwLjIx\nNSAgICAgICAgICAgICAgICAgICAgICAgICAgIyBbbV0gSU1VIGhlaWdodAoKIyBTYWZldHkgY29u\nc3RyYWludHMKIyBMZWFuIChyb2xsKSBhbmdsZSBsaW1pdGF0aW9ucwpNQVhfTEVBTl9BTkdMRSA9\nIDAuNiAgIyByYWQgKDM1IGRlZykKTUlOX0xFQU5fQU5HTEUgPSAtIE1BWF9MRUFOX0FOR0xFCiMg\nU3RlZXJpbmcgYW5nbGUgbGltaXRhdGlvbnMKIyBNQVhfSEFORExFQkFSX0FOR0xFID0gKCg1LjAg\nLyAzLjApICogUEkpIC8gNi4wICAjIHJhZCwgNTAgZGVnCkxvd1NwZWVkTUFYX0hBTkRMRUJBUl9B\nTkdMRSA9ICgoNS4wIC8gMy4wKSAqIFBJKSAvIDYuMCAgIyByYWQsIDUwIGRlZwpIaWdoU3BlZWRN\nQVhfSEFORExFQkFSX0FOR0xFID0gKCgxLjAvIDMuMCkgKiBQSSkgLyA2LjAgICAjIHJhZCAxMCBk\nZWcKTUFYX0hBTkRMRUJBUl9BTkdMRSA9IExvd1NwZWVkTUFYX0hBTkRMRUJBUl9BTkdMRQpNSU5f\nSEFORExFQkFSX0FOR0xFID0gLSBNQVhfSEFORExFQkFSX0FOR0xFCk1BWF9IQU5ETEVCQVJfQU5H\nTEVfQURKVVNUID0gMCAgIyBTd2l0Y2ggb24vb2ZmIHRoZSBoYW5kbGUgYmFyIE1BWCBhbmdsZSBy\nYW5nZSBkeW5hbWljIGFkanVzdG1lbnQKSEFORExFQkFSX0NPUlJFQ1RJT05fQU5HVkVMID0gMCAg\nIyBXaGVuIHRoZSBoYW5kbGViYXIgaXMgb3V0IG9mIHRvbGVyYW5jZSByYW5nZSwgZHJhZyBpdCBi\nYWNrIHRvIHRoZSByZWdpb24KIyBWZWxvY2l0eQpISUdIU1BFRURCT1VORCA9IDMgICMgbS9zCgoK\nIyMjIyMjIyMjIyMjIyMjIyMjIyMjIyMjIyMjIyMjIyMjIyMjIyMjIyMjIyMjIyMjIyMjIyMjIyMj\nIyMjIyMjIyMjIyMjIyMjIyMjIyMjIyMjIyMjIyMjIyMjIyMjIyMjIyMjIyMjIyMjIyMjIyMjIyMj\nIyMjIyMjCiMgU3RhdGUgRXN0aW1hdG9ycwojIFNwZWVkIGVzdGltYXRpb24gZ2FpbnMKc3RhdGVz\nRXN0aW1hdG9yc19LdiA9IDAuMgpzdGF0ZXNFc3RpbWF0b3JzX0t2SCA9IDEKc3RhdGVzRXN0aW1h\ndG9yc19LdkdQUyA9IDAKc3RhdGVzRXN0aW1hdG9yc19LdlJlZiA9IDEgLSBzdGF0ZXNFc3RpbWF0\nb3JzX0t2SCAtIHN0YXRlc0VzdGltYXRvcnNfS3ZHUFMKCiMgSGVhZGluZyBlc3RpbWF0aW9uIGdh\naW5zCiMgc3RhdGVzRXN0aW1hdG9yc19LcHNpID0gMC4wNwpzdGF0ZXNFc3RpbWF0b3JzX0twc2kg\nPSAwLjE1CiMgc3RhdGVzRXN0aW1hdG9yc19LcHNpID0gMC4wMQoKIyBQb3NpdGlvbiBlc3RpbWF0\naW9uIGdhaW5zCnN0YXRlc0VzdGltYXRvcnNfS3ggPSAwLjA1CnN0YXRlc0VzdGltYXRvcnNfS3kg\nPSAwLjA1CiMgc3RhdGVzRXN0aW1hdG9yc19LeCA9IDAuMDEKIyBzdGF0ZXNFc3RpbWF0b3JzX0t5\nID0gMC4wMQpzdGF0ZXNFc3RpbWF0b3JzX0t4eSA9IG5wLm1hdHJpeChbW3N0YXRlc0VzdGltYXRv\ncnNfS3ggLCAwXSAsIFswICwgc3RhdGVzRXN0aW1hdG9yc19LeV1dKQoKCiMjIyMjIyMjIyMjIyMj\nIyMjIyMjIyMjIyMjIyMjIyMjIyMjIyMjIyMjIyMjIyMjIyMjIyMjIyMjIyMjIyMjIyMjIyMjIyMj\nIyMjIyMjIyMjIyMjIyMjIyMjIyMjIyMjIyMjIyMjIyMjIyMjIyMjIyMjIyMjIyMjIwojIERyaXZl\nIE1vdG9yCmRyaXZlTW90b3JfcG9ydCAgPSAnL2Rldi90dHlPNCcgICAgICAgICAgICAgIyBEcml2\nZSBNb3RvciBzZXJpYWwgcG9ydApkcml2ZU1vdG9yX1VBUlRQb3J0ID0gIlVBUlQ0IiAgICAgICAg\nICAgICAgICMgRHJpdmUgTW90b3IgVUFSVCBwb3J0CmRyaXZlTW90b3JfQ29tbXVuaWNhdGlvbkZy\nZXF1ZW5jeSA9IDExNTIwMCAgIyBbSHpdIERyaXZlIE1vdG9yIFNlcmlhbCBwb3J0IGNvbW11bmlj\nYXRpb24gZnJlcXVlbmN5CmRyaXZlTW90b3JfbG9nRnJlcXVlbmN5ID0gMTAgICAgICAgICAgICAg\nICAgIyBbSHpdIEZyZXF1ZW5jeSBhdCB3aGljaCB0aGUgbW90b3IgY29udHJvbGxlciBvdXRwdXRz\nIGxvZyBkYXRhCgoKIyMjIyMjIyMjIyMjIyMjIyMjIyMjIyMjIyMjIyMjIyMjIyMjIyMjIyMjIyMj\nIyMjIyMjIyMjIyMjIyMjIyMjIyMjIyMjIyMjIyMjIyMjIyMjIyMjIyMjIyMjIyMjIyMjIyMjIyMj\nIyMjIyMjIyMjIyMjIyMjIyMjCiMgU3RlZXJpbmcgTW90b3IKc3RlZXJpbmdNb3Rvcl9Nb2RlID0g\nJ3NwZWVkJyAgICAgICAgICAgICMgU3RlZXJpbmcgTW90b3IgbW9kZSA6ICdzcGVlZCcgb3IgJ2N1\ncnJlbnQnCgpzdGVlcmluZ01vdG9yX0dlYXJSYXRpbyA9IDExMS4wICAgICAgICAgIyBTdGVlcmlu\nZyBNb3RvciBnZWFyIHJhdGlvCgpzdGVlcmluZ01vdG9yX0ZyZXF1ZW5jeSA9IDUwMDAgICAgICAg\nICAgIyBbSHpdIFN0ZWVyaW5nIE1vdG9yIFBXTSBmcmVxdWVuY3kKc3RlZXJpbmdNb3Rvcl9JZGxl\nRHV0eSA9IDUwLjAgICAgICAgICAgICMgU3RlZXJpbmcgTW90b3IgUFdNIGR1dHkgY3ljbGUgZm9y\nIGlkbGluZyAobm8gc3BlZWQvY3VycmVudCkKc3RlZXJpbmdNb3Rvcl9QV01mb3JNYXhPdXRwdXQg\nPSA5MC4wICAgICMgU3RlZXJpbmcgTW90b3IgUFdNIGR1dHkgY3ljbGUgZm9yIG1heGltdW0gb3V0\ncHV0IChtYXggc3BlZWQvY3VycmVudCkKc3RlZXJpbmdNb3Rvcl9QV01mb3JNaW5PdXRwdXQgPSAx\nMC4wICAgICMgU3RlZXJpbmcgTW90b3IgUFdNIGR1dHkgY3ljbGUgZm9yIG1pbmltdW0gb3V0cHV0\nIChtaW4gc3BlZWQvY3VycmVudCkKCnN0ZWVyaW5nTW90b3JfU3BlZWRNYXhPdXRwdXQgPSA0MDAw\nLjAgICAjIFtycG1dIFN0ZWVyaW5nIE1vdG9yIG1heGltdW0gc3BlZWQKc3RlZXJpbmdNb3Rvcl9T\ncGVlZE1pbk91dHB1dCA9IC00MDAwLjAgICMgW3JwbV0gU3RlZXJpbmcgTW90b3IgbWluaW11bSBz\ncGVlZAojIHN0ZWVyaW5nTW90b3JfU3BlZWRNYXhPdXRwdXQgPSAyMDAuMCAgICMgW3JwbV0gU3Rl\nZXJpbmcgTW90b3IgbWF4aW11bSBzcGVlZAojIHN0ZWVyaW5nTW90b3JfU3BlZWRNaW5PdXRwdXQg\nPSAtMjAwLjAgICMgW3JwbV0gU3RlZXJpbmcgTW90b3IgbWluaW11bSBzcGVlZAoKc3RlZXJpbmdN\nb3Rvcl9DdXJyZW50TWF4T3V0cHV0ID0gMS4wICAgICMgW0FdIFN0ZWVyaW5nIE1vdG9yIG1heGlt\ndW0gY3VycmVudApzdGVlcmluZ01vdG9yX0N1cnJlbnRNaW5PdXRwdXQgPSAtMS4wICAgIyBbQV0g\nU3RlZXJpbmcgTW90b3IgbWluaW11bSBjdXJyZW50CgpzdGVlcmluZ01vdG9yX0NoYW5uZWwgPSAn\nRUhSUFdNMkInICAjIFN0ZWVyaW5nIE1vdG9yIFBXTSBjaGFubmVsCnN0ZWVyaW5nTW90b3JfUGlu\nRW5hYmxlID0gJ1A4XzE1JyAgICMgU3RlZXJpbmcgTW90b3IgZW5hYmxlIHBpbgoKCgojIyMjIyMj\nIyMjIyMjIyMjIyMjIyMjIyMjIyMjIyMjIyMjIyMjIyMjIyMjIyMjIyMjIyMjIyMjIyMjIyMjIyMj\nIyMjIyMjIyMjIyMjIyMjIyMjIyMjIyMjIyMjIyMjIyMjIyMjIyMjIyMjIyMjIyMjIyMjIyMjIyMK\nIyBTdGVlcmluZyBFbmNvZGVyCnN0ZWVyaW5nRW5jb2Rlcl9UaWNrc1BlclJldm9sdXRpb24gPSAy\nICogMTAwMCAqIHN0ZWVyaW5nTW90b3JfR2VhclJhdGlvICAgICAgICAgICAgICMgU3RlZXJpbmcg\nRW5jb2RlciBudW1iZXIgb2YgdGlja3MgcGVyIHJldm9sdXRpb24Kc3RlZXJpbmdFbmNvZGVyX1Rp\nY2tzVG9SYWRpYW5SYXRpbyA9IDIgKiBQSSAvIHN0ZWVyaW5nRW5jb2Rlcl9UaWNrc1BlclJldm9s\ndXRpb24gICAgIyBTdGVlcmluZyBFbmNvZGVyIG51bWJlciBvZiB0aWNrcyB0byByYWRpYW5zIGNv\nbnZlcnNpb24KCgojIyMjIyMjIyMjIyMjIyMjIyMjIyMjIyMjIyMjIyMjIyMjIyMjIyMjIyMjIyMj\nIyMjIyMjIyMjIyMjIyMjIyMjIyMjIyMjIyMjIyMjIyMjIyMjIyMjIyMjIyMjIyMjIyMjIyMjIyMj\nIyMjIyMjIyMjIyMjIyMjIyMKIyBHUFMKZ3BzX3BvcnQgPSAiL2Rldi90dHlPMSIgICAgICAgICAg\nICAgICAgICMgR1BTIHNlcmlhbCBwb3J0CiMgZ3BzX2JhdWRyYXRlID0gOTYwMCAgICAgICAgICAg\nICAgICAgICAgICMgR1BTIGJhdWRyYXRlIFtiYXVkXSA6IDk2MDAsIDU3NjAwLCAxMTUyMDAKZ3Bz\nX2JhdWRyYXRlID0gMTE1MjAwICAgICAgICAgICAgICAgICAgICAgIyBHUFMgYmF1ZHJhdGUgW2Jh\ndWRdIDogOTYwMCwgNTc2MDAsIDExNTIwMApncHNfdHlwZU91dHB1dERhdGEgPSAnUk1DT05MWScg\nICAgICAgICAgIyBUeXBlIG9mIHRoZSBHUFMgZGF0YSBvdXRwdXQgOiBSTUNHR0EsIFJNQ09OTFks\nIEFMTERBVEEsIE9GRiwgR0xMT05MWSwgVlRHT05MWSwgR0dBT05MWSwgR1NBT05MWSwgR1NWT05M\nWQojIGdwc190eXBlT3V0cHV0RGF0YSA9ICdHR0FPTkxZJyAgICAgICAgICAjIFR5cGUgb2YgdGhl\nIEdQUyBkYXRhIG91dHB1dCA6IFJNQ0dHQSwgUk1DT05MWSwgQUxMREFUQSwgT0ZGLCBHTExPTkxZ\nLCBWVEdPTkxZLCBHR0FPTkxZLCBHU0FPTkxZLCBHU1ZPTkxZCmdwc19kYXRhVXBkYXRlUmF0ZSA9\nIDEwICAgICAgICAgICAgICAgICAjIEdQUyBkYXRhIHVwZGF0ZSByYXRlIFtIel0gOiAxLCAyLCA1\nLCAxMApncHNfRFBHU0RhdGFTb3VyY2VNb2RlID0gJ1dBQVMnICAgICAgICAgIyBER1BTIGRhdGEg\nc291cmNlIG1vZGUgOiBSVENNLCBXQUFTCm50cmlwX2Nhc3Rlcl9hZGRyZXNzID0gIjE5Mi43MS4x\nOTAuMTQxIiAjIEFkZHJlc3Mgb2YgdGhlIE5UUklQIGNhc3RlciwgY2FuIGJlIElQIG9yIGRvbWFp\nbiBuYW1lCm50cmlwX3BvcnQgPSA4MCAgICAgICAgICAgICAgICAgICAgICAgICAjIE5UUklQIFBv\ncnQKbnRyaXBfbW91bnRwb2ludCA9ICJSVENNM19HTlNTIiAgICAgICAgICMgTlRSSVAgTW91bnRw\nb2ludApudHJpcF91c2VybmFtZSA9ICJDaGFsbWVyc0UyUlRLIiAgICAgICAgIyBVc2VybmFtZSB0\nbyBjb25uZWN0IHRvIE5UUklQIGNhc3RlcgpudHJpcF9wYXNzd29yZCA9ICI4ODU1MTEiICAgICAg\nICAgICAgICAgIyBQYXNzd29yZCB0byBjb25uZWN0IHRvIE5UUklQIGNhc3RlcgpudHJpcF92ZXJi\nb3NlID0gMCAgICAgICAgICAgICAgICAgICAgICAgIyAxID0gTlRSSVAgbGlicmFyeSBpcyB2ZXJi\nb3NlICh3aWxsIG91dHB1dCBleHRyYSBpbmZvcm1hdGlvbikgOyAwID0gbm90IHZlcmJvc2UKCmFu\ndGVubmFfb2Zmc2V0X3ggPSBMRU5HVEhfQSAtIDAuMSAgICAgICAjIFttXSBEaXN0YW5jZSBmcm9t\nIGFudGVubmEgdG8gY2VudGVyIG9mIG1hc3Mgb24geC1heGlzCmFudGVubmFfb2Zmc2V0X3kgPSAw\nLjAgICAgICAgICAgICAgICAgICAjIFttXSBEaXN0YW5jZSBmcm9tIGFudGVubmEgdG8gY2VudGVy\nIG9mIG1hc3Mgb24geS1heGlzCgoKIyMjIyMjIyMjIyMjIyMjIyMjIyMjIyMjIyMjIyMjIyMjIyMj\nIyMjIyMjIyMjIyMjIyMjIyMjIyMjIyMjIyMjIyMjIyMjIyMjIyMjIyMjIyMjIyMjIyMjIyMjIyMj\nIyMjIyMjIyMjIyMjIyMjIyMjIyMjIyMjIyMjCiMgSGFsbCBTZW5zb3IKaGFsbFNlbnNvcl9wb3J0\nID0gJ1A5XzMwJyAgICAgICAgICAgICAgICMgSGFsbCBzZW5zb3IgR1BJTyBwb3J0CmhhbGxTZW5z\nb3JfcHVsbFVwRG93biA9ICd1cCcgICAgICAgICAgICAjIEhhbGwgc2Vuc29yIHB1bGwtdXAgb3Ig\ncHVsbC1kb3duIGNob2ljZSA6ICd1cCcsICdkb3duJwpoYWxsU2Vuc29yX2VkZ2VEZXRlY3Rpb24g\nPSAncmlzaW5nJyAgICAgIyBIYWxsIHNlbnNvciBlZGdlIGRlY3Rpb24gdHlwZSA6ICdyaXNpbmcn\nLCAnZmFsbGluZycKIyBoYWxsU2Vuc29yX251bWJlck9mU2Vuc29ycyA9IDMgICAgICAgICAgIyBO\ndW1iZXIgb2YgbWFnbmV0cyBwbGFjZWQgb24gdGhlIHdoZWVsCmhhbGxTZW5zb3JfbnVtYmVyT2ZT\nZW5zb3JzID0gOSAgICAgICAgICAjIE51bWJlciBvZiBtYWduZXRzIHBsYWNlZCBvbiB0aGUgd2hl\nZWwKaGFsbFNlbnNvcl9tYXhFbGFwc2VCZXR3ZWVuUHVsc2VzID0gMSAgICMgW3NdIEJpa2UgaXMg\nY29uc2lkZXJlZCBzdGF0aW9uYXJ5ICgwbS9zIHNwZWVkKSBpZiB0aW1lIGJldHdlZW4gdHdvIHB1\nbHNlcyBpcyBsb25nZXIgdGhhbiB0aGlzCiMgaGFsbFNlbnNvcl9ib3VuY2VUaW1lID0gMzAgICAg\nICAgICAgICAgICMgW21zXSBCb3VuY2V0aW1lIGJldHdlZW4gdHdvIHB1bHNlcyB0byBhdm9pZCBy\nZWFkaW5nIHRoZSBzYW1lIHB1bHNlIG11bHRpcGxlIHRpbWVzCmhhbGxTZW5zb3JfYm91bmNlVGlt\nZSA9IDYwICAgICAgICAgICAgICAjIFttc10gQm91bmNldGltZSBiZXR3ZWVuIHR3byBwdWxzZXMg\ndG8gYXZvaWQgcmVhZGluZyB0aGUgc2FtZSBwdWxzZSBtdWx0aXBsZSB0aW1lcwpoYWxsU2Vuc29y\nX3NlbnNvclBvc2l0aW9uID0gMC4zNDcgICAgICAgIyBbbV0gRGlzdGFuY2UgYmV0d2VlbiBjZW50\nZXIgb2Ygd2hlZWwgYW5kIGNlbnRlciBvZiBtYWduZXRzIChUeXJlIG1hcmtpbmcgNDAtNjIyID0g\nSUQgb2YgNjIybW0gKyA0bW0gdG8gY2VudGVyIG9mIG1hZ25ldCkKaGFsbF9TZW5zb3JfZGlzdGFu\nY2VCZXR3ZWVuTWFnbmV0cyA9IGhhbGxTZW5zb3Jfc2Vuc29yUG9zaXRpb24gKiAyICogUEkgLyBo\nYWxsU2Vuc29yX251bWJlck9mU2Vuc29ycyAgICAgIyBbbV0gRGlzdGFuY2UgYmV0d2VlbiBtYWdu\nZXRzCgoKIyMjIyMjIyMjIyMjIyMjIyMjIyMjIyMjIyMjIyMjIyMjIyMjIyMjIyMjIyMjIyMjIyMj\nIyMjIyMjIyMjIyMjIyMjIyMjIyMjIyMjIyMjIyMjIyMjIyMjIyMjIyMjIyMjIyMjIyMjIyMjIyMj\nIyMjIyMjIyMjIyMjCiMgSU1VCmltdV9jYWxpYnJhdGlvblNhbXBsZXMgPSA1MDAgICAgICAgICAg\nICAgICAgIyBJTVUgbnVtYmVyIG9mIGNhbGlicmF0aW9uIHNhbXBsZXMgdXNlZCBhdCBzdGFydHVw\nCmltdV9neXJvc2NvcGVSYW5nZSA9IDI0NSAgICAgICAgICAgICAgICAgICAgIyBbZGVnL3NdIElN\nVSByYW5nZSBvZiB0aGUgZ3lyb3Njb3BlIDogMjQ1LCA1MDAsIDIwMDAKaW11X2d5cm9zY29wZU9E\nUiA9IDYgICAgICAgICAgICAgICAgICAgICAgICAjIElNVSBPdXRwdXQgRGF0YSBSYXRlIG9mIHRo\nZSBneXJvc2NvcGUsIGZvbGxvd3MgdGhlIHRhYmxlIGJlbG93CiAgICAgICAgICAgICAgICAgICAg\nICAgICAgICAgICAgICAgICAgICAgICAgICAgICMgMCA9IGd5cm8gb2ZmICAgIDMgPSAxMTlIeiAg\nICA2ID0gOTUySHoKICAgICAgICAgICAgICAgICAgICAgICAgICAgICAgICAgICAgICAgICAgICAg\nICAgIyAxID0gMTQuOUh6ICAgICAgNCA9IDIzOEh6CiAgICAgICAgICAgICAgICAgICAgICAgICAg\nICAgICAgICAgICAgICAgICAgICAgICMgMiA9IDU5LjVIeiAgICAgIDUgPSA0NzZIegppbXVfYWNj\nZWxlcm9tZXRlclJhbmdlID0gMiAgICAgICAgICAgICAgICAgICMgW2ddIElNVSByYW5nZSBvZiB0\naGUgYWNjZWxlcm9tZXRlciA6IDIsIDQsIDgsIDE2CmltdV9hY2NlbGVyb21ldGVyT0RSID0gNiAg\nICAgICAgICAgICAgICAgICAgIyBJTVUgT3V0cHV0IERhdGEgUmF0ZSBvZiB0aGUgYWNjZWxlcm9t\nZXRlciwgZm9sbG93cyB0aGUgdGFibGUgYmVsb3cKICAgICAgICAgICAgICAgICAgICAgICAgICAg\nICAgICAgICAgICAgICAgICAgICAgIyAwID0gYWNjZWwgb2ZmICAgMyA9IDExOUh6ICAgIDYgPSA5\nNTJIegogICAgICAgICAgICAgICAgICAgICAgICAgICAgICAgICAgICAgICAgICAgICAgICAjIDEg\nPSAxMEh6ICAgICAgICA0ID0gMjM4SHoKICAgICAgICAgICAgICAgICAgICAgICAgICAgICAgICAg\nICAgICAgICAgICAgICAgIyAyID0gNTBIeiAgICAgICAgNSA9IDQ3Nkh6CgojIENvbXBsZW1lbnRh\ncnkgZmlsdGVyCmltdV9jb21wbGVtZW50YXJ5RmlsdGVyUmF0aW8gPSAwLjk4NSAgICAgICAgIyBJ\nTVUgY29tcGxlbWVudGFyeSBmaWx0ZXIgcmF0aW8KIyBpbXVfY29tcGxlbWVudGFyeUZpbHRlclJh\ndGlvID0gMC45OTUgICAgICAgICMgSU1VIGNvbXBsZW1lbnRhcnkgZmlsdGVyIHJhdGlvCmltdV9j\nZW50cmlwZXRhbF9jb21wZW5zYXRpb24gPSAxICAgICAgICAgICAgIyAxID0gdHVybiBvbiBjZW50\ncmlwZXRhbCBhY2NlbGVyYXRpb24gY29tcGVuc2F0aW9uIDsgMCA9IHR1cm4gb2ZmCmltdV9yb2xs\nX2NvbXBlbnNhdGlvbiA9IDEgICAgICAgICAgICAgICAgICAgIyAxID0gdHVybiBvbiByb2xsIGFj\nY2VsZXJhdGlvbiBjb21wZW5zYXRpb24gOyAwID0gdHVybiBvZmYKCgojIyMjIyMjIyMjIyMjIyMj\nIyMjIyMjIyMjIyMjIyMjIyMjIyMjIyMjIyMjIyMjIyMjIyMjIyMjIyMjIyMjIyMjIyMjIyMjIyMj\nIyMjIyMjIyMjIyMjIyMjIyMjIyMjIyMjIyMjIyMjIyMjIyMjIyMjIyMjIyMjIyMKIyBMYXNlciBS\nYW5nZXIKbGFzZXJSYW5nZXJfcm9sbGVyX3dpZHRoID0gMzgwICAgICAgICAgICAgICAgICAgICAg\nICAgICAjIFttbV0gV2lkdGggb2YgdGhlIHJvbGxlcgpsYXNlclJhbmdlcl9zZW5zb3IxX3NodXRk\nb3duID0gJ1A5XzIzJyAgICAgICAgICAgICAgICAgICMgTGFzZXIgcmFuZ2VyIHNlbnNvciAxIEdQ\nSU8gc2h1dGRvd24gcGluCmxhc2VyUmFuZ2VyX3NlbnNvcjJfc2h1dGRvd24gPSAnUDlfMjcnICAg\nICAgICAgICAgICAgICAgIyBMYXNlciByYW5nZXIgc2Vuc29yIDIgR1BJTyBzaHV0ZG93biBwaW4K\nbGFzZXJSYW5nZXJfc2Vuc29yMV9zaHV0ZG93bl9wdWxsVXBEb3duID0gJ2Rvd24nICAgICAgICAj\nIExhc2VyIHJhbmdlciBzZW5zb3IgMSBHUElPIHNodXRkb3duIHB1bGwtdXAgb3IgcHVsbC1kb3du\nIGNob2ljZSA6ICd1cCcsICdkb3duJwpsYXNlclJhbmdlcl9zZW5zb3IyX3NodXRkb3duX3B1bGxV\ncERvd24gPSAnZG93bicgICAgICAgICMgTGFzZXIgcmFuZ2VyIHNlbnNvciAyIEdQSU8gc2h1dGRv\nd24gcHVsbC11cCBvciBwdWxsLWRvd24gY2hvaWNlIDogJ3VwJywgJ2Rvd24nCmxhc2VyUmFuZ2Vy\nX3NlbnNvcjFfSTJDYWRkcmVzcyA9IDB4MzkgICAgICAgICAgICAgICAgICAgIyBMYXNlciByYW5n\nZXIgc2Vuc29yIDEgSTJDIGFkZHJlc3MKbGFzZXJSYW5nZXJfc2Vuc29yMl9JMkNhZGRyZXNzID0g\nMHgyOSAgICAgICAgICAgICAgICAgICAjIExhc2VyIHJhbmdlciBzZW5zb3IgMiBJMkMgYWRkcmVz\ncwpsYXNlclJhbmdlcl9zZW5zb3IxX2FjY3VyYWN5TW9kZSA9IDQgICAgICAgICAgICAgICAgICAg\nICMgTGFzZXIgcmFuZ2VyIHNlbnNvciAxIGFjY3VyYWN5IG1vZGUsIGZvbGxvd3MgdGhlIHRhYmxl\nIGJlbG93Cmxhc2VyUmFuZ2VyX3NlbnNvcjJfYWNjdXJhY3lNb2RlID0gNCAgICAgICAgICAgICAg\nICAgICAgIyBMYXNlciByYW5nZXIgc2Vuc29yIDIgYWNjdXJhY3kgbW9kZSwgZm9sbG93cyB0aGUg\ndGFibGUgYmVsb3cKICAgICAgICAgICAgICAgICAgICAgICAgICAgICAgICAgICAgICAgICAgICAg\nICAgICAgICAgICAgICAgIyAwID0gR29vZCBBY2N1cmFjeSBtb2RlCiAgICAgICAgICAgICAgICAg\nICAgICAgICAgICAgICAgICAgICAgICAgICAgICAgICAgICAgICAgICAgICMgMSA9IEJldHRlciBB\nY2N1cmFjeSBtb2RlCiAgICAgICAgICAgICAgICAgICAgICAgICAgICAgICAgICAgICAgICAgICAg\nICAgICAgICAgICAgICAgICMgMiA9IEJlc3QgQWNjdXJhY3kgbW9kZQogICAgICAgICAgICAgICAg\nICAgICAgICAgICAgICAgICAgICAgICAgICAgICAgICAgICAgICAgICAgICAjIDMgPSBMb25nIFJh\nbmdlIG1vZGUKICAgICAgICAgICAgICAgICAgICAgICAgICAgICAgICAgICAgICAgICAgICAgICAg\nICAgICAgICAgICAgIyA0ID0gSGlnaCBTcGVlZCBtb2RlCgoKIyMjIyMjIyMjIyMjIyMjIyMjIyMj\nIyMjIyMjIyMjIyMjIyMjIyMjIyMjIyMjIyMjIyMjIyMjIyMjIyMjIyMjIyMjIyMjIyMjIyMjIyMj\nIyMjIyMjIyMjIyMjIyMjIyMjIyMjIyMjIyMjIyMjIyMjIyMjIyMjIyMjCiMgUG90ZW50aW9tZXRl\ncgpwb3RlbnRpb21ldGVyX3BvcnQgPSAnUDlfMzYnICAgICAgICAjIFBvdGVudGlvbWV0ZXIgYW5h\nbG9nIGlucHV0IHBvcnQKcG90ZW50aW9tZXRlcl9tYXhWb2x0YWdlID0gMC4yOSAgICAgIyBbVl0g\nTWF4aW11bSB2b2x0YWdlIG1lYXN1cmVkIGF0IHRoZSBwb3RlbnRpb21ldGVyJ3Mgb3V0cHV0Cgoj\nIyMjIyMjIyMjIyMjIyMjIyMjIyMjIyMjIyMjIyMjIyMjIyMjIyMjIyMjIyMjIyMjIyMjIyMjIyMj\nIyMjIyMjIyMjIyMjIyMjIyMjIyMjIyMjIyMjIyMjIyMjIyMjIyMjIyMjIyMjIyMjIyMjIyMjIyMj\nIyMjIyMKIyBTdGVlcmluZ0N1cnJlbnQgUmVhZApzdGVlcmluZ19jdXJyZW50X3BvcnQgPSAnUDlf\nMzknICAgICAjIEFESU4gZm9yIHN0ZWVyaW5nIGN1cnJlbnQKc3RlZXJpbmdfbWF4X2N1cnJlbnQg\nPSAxMC4wICAgICAgICAgIyBBbXBlciwgdGhlIG1heGltYWwgY3VycmVudCwgd2hpY2ggZ2l2ZXMg\nMS44IFYgcmVhZGluZyBoZXJlCiMjIyMjIyMjIyMjIyMjIyMjIyMjIyMjIyMjIyMjIyMjIyMjIyMj\nIyMjIyMjIyMjIyMjIyMjIyMjIyMjIyMjIyMjIyMjIyMjIyMjIyMjIyMjIyMjIyMjIyMjIyMjIyMj\nIyMjIyMjIyMjIyMjIyMjIyMjIyMjIyMjIwojIFNhZmV0eSBTdG9wCnNhZmV0eVN0b3BfcG9ydCA9\nICdQOV8xNScgICAgICAgIyBTYWZldHkgc3RvcCBHUElPIHBvcnQKc2FmZXR5U3RvcF9wdWxsVXBE\nb3duID0gJ3VwJyAgICAjIFNhZmV0eSBzdG9wIHB1bGwtdXAgb3IgcHVsbC1kb3duIGNob2ljZSA6\nICd1cCcsICdkb3duJwoKCiMjIyMjIyMjIyMjIyMjIyMjIyMjIyMjIyMjIyMjIyMjIyMjIyMjIyMj\nIyMjIyMjIyMjIyMjIyMjIyMjIyMjIyMjIyMjIyMjIyMjIyMjIyMjIyMjIyMjIyMjIyMjIyMjIyMj\nIyMjIyMjIyMjIyMjIyMjIyMjIyMjIwojIFZlbG9jaXR5IENvbnRyb2xsZXIKIyBQSUQgVmVsb2Np\ndHkgQ29udHJvbGxlciBQYXJhbWV0ZXJzCnBpZF92ZWxvY2l0eV9hY3RpdmUgPSBGYWxzZSAgIyBC\nb29sZWFuIHRvIGNvbnRyb2wgaWYgUElEIGNvbnRyb2xsZXIgaXMgdXNlZApwaWRfdmVsb2NpdHlf\ncmVmZXJlbmNlID0gaW5pdGlhbF9zcGVlZCAgIyBtL3MKcGlkX3ZlbG9jaXR5X1AgPSAzLjAKcGlk\nX3ZlbG9jaXR5X0kgPSAwLjAxCnBpZF92ZWxvY2l0eV9EID0gMC4wCnBpZF92ZWxvY2l0eV9zYW1w\nbGVfdGltZSA9IDEuMCAvIGNvbnRyb2xsZXJfZnJlcXVlbmN5CgoKIyMjIyMjIyMjIyMjIyMjIyMj\nIyMjIyMjIyMjIyMjIyMjIyMjIyMjIyMjIyMjIyMjIyMjIyMjIyMjIyMjIyMjIyMjIyMjIyMjIyMj\nIyMjIyMjIyMjIyMjIyMjIyMjIyMjIyMjIyMjIyMjIyMjIyMjIyMjIyMjIyMjCiMgU3RlZXJpbmcg\nQ29udHJvbGxlcgojIFBJRCBTdGVlcmluZyBDb250cm9sbGVyIFBhcmFtZXRlcnMKcGlkX3N0ZWVy\naW5nX3JlZmVyZW5jZSA9IDAuMCAgIyBQSUQgY29kZSB1c2VzIGNvbnN0YW50IHJlZmVyZW5jZSBz\nZXRwb2ludCBhbmQgZmVlZGJhY2suIFNpbmNlIHRoaXMgY29udHJvbGxlciBkb2Vzbid0IGhhdmUg\nYSBjb25zdGFudCBzZXRwb2ludCwgd2Ugb25seSB1c2UgdGhlIGZlZWRiYWNrIHZhbHVlLgpwaWRf\nc3RlZXJpbmdfUCA9IDEwLjAKcGlkX3N0ZWVyaW5nX0kgPSAxMC4wCnBpZF9zdGVlcmluZ19EID0g\nMC4wCnBpZF9zdGVlcmluZ19zYW1wbGVfdGltZSA9IDEuMCAvIGNvbnRyb2xsZXJfZnJlcXVlbmN5\nCgojIFNURUVSSU5HIEFOR0xFIENPTlRST0wKIyAjICMgcGlkX3N0ZWVyaW5nYW5nbGVfUCA9IDIw\nLjAKIyAjICMgcGlkX3N0ZWVyaW5nYW5nbGVfSSA9IDAuMAojICMgIyBwaWRfc3RlZXJpbmdhbmds\nZV9EID0gMC4wCiMgIyBwaWRfc3RlZXJpbmdhbmdsZV9QID0gMTQuMAojICMgcGlkX3N0ZWVyaW5n\nYW5nbGVfSSA9IDMwLjAKIyAjIHBpZF9zdGVlcmluZ2FuZ2xlX0QgPSAwLjAKIyBwaWRfc3RlZXJp\nbmdhbmdsZV9QID0gMTAuMAojIHBpZF9zdGVlcmluZ2FuZ2xlX0kgPSA1LjAKIyBwaWRfc3RlZXJp\nbmdhbmdsZV9EID0gMC4wCnBpZF9zdGVlcmluZ2FuZ2xlX1AgPSAzLjAKcGlkX3N0ZWVyaW5nYW5n\nbGVfSSA9IDAuMApwaWRfc3RlZXJpbmdhbmdsZV9EID0gMC4wCnBpZF9zdGVlcmluZ2FuZ2xlX3Nh\nbXBsZV90aW1lID0gMS4wIC8gY29udHJvbGxlcl9mcmVxdWVuY3kKCgojIyMjIyMjIyMjIyMjIyMj\nIyMjIyMjIyMjIyMjIyMjIyMjIyMjIyMjIyMjIyMjIyMjIyMjIyMjIyMjIyMjIyMjIyMjIyMjIyMj\nIyMjIyMjIyMjIyMjIyMjIyMjIyMjIyMjIyMjIyMjIyMjIyMjIyMjIyMjIyMjIyMKIyBCYWxhbmNp\nbmcgQ29udHJvbGxlcgojIENvbnRyb2xsZXIgZ2FpbnMgY2FuIGJlIHNwZWVkIGRlcGVuZGFudCBp\nZiB0aGV5IGFyZSBhcnJheXMgd2l0aCBtdWx0aXBsZSB2YWx1ZXMKIyBJZiB0aGV5IGNvbnRhaW4g\nYSBzaW5nbGUgdmFsdWUgdGhleSBhcmUgbm90IHNwZWVkIGRlcGVuZGFudAoKIyBMb29rdXAgdGFi\nbGUgZm9yIHNwZWVkCnNwZWVkX2xvb2t1cF9jb250cm9sbGVyZ2FpbnMgPSBbMyw0LDVdCgojIFBJ\nRCBCYWxhbmNlIElubmVyIExvb3AgQ29udHJvbGxlciBQYXJhbWV0ZXJzCnBpZF9iYWxhbmNlX3Jl\nZmVyZW5jZSA9IDAuMCAgIyBlcnJvciA9IFJlZmVyZW5jZSAtIGZlZWRiYWNrX3ZhbHVlLiBJbiBT\naW11bGluayBlcnJvciBpcyBkaXJlY3RseSBsYXRlcmFsIGVycm9yIHNvIHdlIHNldCBSZWZlcmVu\nY2UgPSB6ZXJvIGFuZCBmZWViYWNrX3ZhbHVlID0gLSBsYXRlcmFsX2Vycm9yLgojcGlkX2JhbGFu\nY2VfUCA9IDEuNTcKIyBwaWRfYmFsYW5jZV9QID0gNS4wICMgR2FpbiB0ZXN0ZWQgd2l0aCBQZW8g\nZm9yIHZlbCA9IDQKcGlkX2JhbGFuY2VfUCA9IDUuMCAjIHdoZW4gdmVsID0gMwpwaWRfYmFsYW5j\nZV9JID0gMC4wCnBpZF9iYWxhbmNlX0QgPSAwLjAKcGlkX2JhbGFuY2Vfc2FtcGxlX3RpbWUgPSAx\nLjAgLyBjb250cm9sbGVyX2ZyZXF1ZW5jeQoKIyBQSUQgQmFsYW5jZSBPdXRlciBMb29wIENvbnRy\nb2xsZXIgUGFyYW1ldGVycwpwaWRfYmFsYW5jZV9vdXRlcmxvb3BfcmVmZXJlbmNlID0gMC4wICAj\nIGVycm9yID0gUmVmZXJlbmNlIC0gZmVlZGJhY2tfdmFsdWUuIEluIFNpbXVsaW5rIGVycm9yIGlz\nIGRpcmVjdGx5IGxhdGVyYWwgZXJyb3Igc28gd2Ugc2V0IFJlZmVyZW5jZSA9IHplcm8gYW5kIGZl\nZWJhY2tfdmFsdWUgPSAtIGxhdGVyYWxfZXJyb3IuCiNwaWRfYmFsYW5jZV9vdXRlcmxvb3BfUCA9\nIDAuNTcKcGlkX2JhbGFuY2Vfb3V0ZXJsb29wX1AgPSAxLjAgIyBHYWluIHRlc3RlZCB3aXRoIFBl\nbwojIHBpZF9iYWxhbmNlX291dGVybG9vcF9QID0gMS4zICMgR2FpbiB0ZXN0ZWQgd2l0aCBQZW8K\ncGlkX2JhbGFuY2Vfb3V0ZXJsb29wX0kgPSAwLjAKcGlkX2JhbGFuY2Vfb3V0ZXJsb29wX0QgPSAw\nLjAKcGlkX2JhbGFuY2Vfb3V0ZXJsb29wX3NhbXBsZV90aW1lID0gMS4wIC8gY29udHJvbGxlcl9m\ncmVxdWVuY3kKCgojIyMjIyMjIyMjIyMjIyMjIyMjIyMjIyMjIyMjIyMjIyMjIyMjIyMjIyMjIyMj\nIyMjIyMjIyMjIyMjIyMjIyMjIyMjIyMjIyMjIyMjIyMjIyMjIyMjIyMjIyMjIyMjIyMjIyMjIyMj\nIyMjIyMjIyMjIyMjIyMjIyMKIyBQYXRoIFRyYWNraW5nCm1heF9yb2xscmVmID0gNiAjIFtkZWdd\nIG1heGltdW0gcm9sbCByZWZlcmVuY2UgdG8gYmUgc2V0IGJ5IHBhdGggdHJhY2tpbmcgY29udHJv\nbGxlcgojIENvbnRyb2xsZXIgZ2FpbnMgY2FuIGJlIHNwZWVkIGRlcGVuZGFudCBpZiB0aGV5IGFy\nZSBhcnJheXMgd2l0aCBtdWx0aXBsZSB2YWx1ZXMKIyBJZiB0aGV5IGNvbnRhaW4gYSBzaW5nbGUg\ndmFsdWUgdGhleSBhcmUgbm90IHNwZWVkIGRlcGVuZGFudApQQVRIX1RZUEUgPSAnTk9ORScgICMg\nW05PTkUsIENJUkNMRSwgU1RSQUlHSFRdCiMgUEFUSF9UWVBFID0gJ1NUUkFJR0hUJyAgIyBbTk9O\nRSwgQ0lSQ0xFLCBTVFJBSUdIVF0KUEFUSF9SQURJVVMgPSAyMC4wICAjIG0KdGltZV9wYXRoX3N0\nYXkgPSAxMC4wICMgcwp0aW1lX3BhdGhfc2xvcGUgPSAxMC4wICMgcwpzbG9wZSA9IDEvMTAwLjAK\ncGF0aF9zaW5lX2FtcCA9IDAuMTUgIyBtCnBhdGhfc2luZV9mcmVxID0gMS8xMC4wICMgSHoKcGF0\naF9jaG9pY2UgPSAncG90JwojcGF0aF9jaG9pY2UgPSAnb3ZlcnRha2luZycKI3BhdGhfY2hvaWNl\nID0gJ3NpbmUnCgojIFBJRCBMYXRlcmFsIFBvc2l0aW9uIENvbnRyb2xsZXIgUGFyYW1ldGVycwpw\naWRfbGF0ZXJhbF9wb3NpdGlvbl9yZWZlcmVuY2UgPSAwLjAgICMgZXJyb3IgPSBSZWZlcmVuY2Ug\nLSBmZWVkYmFja192YWx1ZS4gSW4gU2ltdWxpbmsgZXJyb3IgaXMgZGlyZWN0bHkgbGF0ZXJhbCBl\ncnJvciBzbyB3ZSBzZXQgUmVmZXJlbmNlID0gemVybyBhbmQgZmVlYmFja192YWx1ZSA9IC0gbGF0\nZXJhbF9lcnJvci4KIyBwaWRfbGF0ZXJhbF9wb3NpdGlvbl9QID0gLTJlLTEgIyAyMy8xMS8yMDIw\nCnBpZF9sYXRlcmFsX3Bvc2l0aW9uX1AgPSAtMWUtMSAjIDEzLzExLzIwMjAKIyBwaWRfbGF0ZXJh\nbF9wb3NpdGlvbl9QID0gLTFlLTEKIyBwaWRfbGF0ZXJhbF9wb3NpdGlvbl9JID0gLTJlLTIKcGlk\nX2xhdGVyYWxfcG9zaXRpb25fSSA9IC0wZS0yCnBpZF9sYXRlcmFsX3Bvc2l0aW9uX0QgPSAtMGUt\nMQpwaWRfbGF0ZXJhbF9wb3NpdGlvbl9zYW1wbGVfdGltZSA9IDEuMCAvIGNvbnRyb2xsZXJfZnJl\ncXVlbmN5CgojIFBJRCBEaXJlY3Rpb24gQ29udHJvbGxlciBQYXJhbWV0ZXJzCnBpZF9kaXJlY3Rp\nb25fcmVmZXJlbmNlID0gMC4wICAjIFBJRCBjb2RlIHVzZXMgY29uc3RhbnQgcmVmZXJlbmNlIHNl\ndHBvaW50IGFuZCBmZWVkYmFjay4gU2luY2UgdGhpcyBjb250cm9sbGVyIGRvZXNuJ3QgaGF2ZSBh\nIGNvbnN0YW50IHNldHBvaW50LCB3ZSBvbmx5IHVzZSB0aGUgZmVlZGJhY2sgdmFsdWUuCnBpZF9k\naXJlY3Rpb25fUCA9IC0yZS0xCnBpZF9kaXJlY3Rpb25fSSA9IC0wLjAKcGlkX2RpcmVjdGlvbl9E\nID0gLTAuMApwaWRfZGlyZWN0aW9uX3NhbXBsZV90aW1lID0gMS4wIC8gY29udHJvbGxlcl9mcmVx\ndWVuY3kK\n'
RealTime,Time,CalculationTime,MeasuredVelocity,FilteredVelocity,BalancingGainsInner,BalancingGainsOuter,Roll,SteeringAngle,RollRate,ControlInput,BalancingSetpoint,gy,gz,ax,ay,az,imu_read_timing,SteerMotorCurrent,v_estimated,yaw_estimated,heading_estimated,x_estimated,y_estimated,GPS_timestamp,x_GPS,y_GPS,theta_GPS,theta_GPS_noUnwrap,latitude,longitude,lat_estimated,lon_estimated,v_gps,course_gps,status,NMEA timestamp
18:09:33.905515,0.07966,0.07904,0.00000,0.00000,[5.00000 0.00000 0.00000],[1.00000 0.00000 0.00000],-0.00150,0.00000,-0.00227,0.00000,0.00000,-0.00419,-0.00277,0.10663,-0.10437,0.97667,0.00001,0.00000,0.00000,0.00000,0.00000,0.00000,0.00000,0.00000,0.00000,0.00000,0.00000,0.00000,57.68810100,11.97967200,0.00000000,0.00000000,0.00668200,nan,A,180928.60
18:09:33.924279,0.09852,0.01608,0.00000,0.00000,[5.00000 0.00000 0.00000],[1.00000 0.00000 0.00000],-0.00150,0.00000,0.00216,0.00000,0.00000,-0.00114,-0.00231,0.10724,-0.10413,0.97643,0.08169,0.00000,0.00000,0.00000,0.00000,0.00000,0.00000,0.00000,0.00000,0.00000,0.00000,0.00000,57.68810100,11.97967200,0.00000000,0.00000000,0.00668200,nan,A,180928.60
18:09:33.944725,0.11895,0.01851,0.00000,0.00000,[5.00000 0.00000 0.00000],[1.00000 0.00000 0.00000],-0.00152,0.00000,0.00170,0.00000,0.00000,0.00115,-0.00308,0.10705,-0.10614,0.97624,0.09987,0.00000,0.00000,0.00000,0.00000,0.00000,0.00000,0.00000,0.00000,0.00000,0.00000,0.00000,57.68810100,11.97967200,0.00000000,0.00000000,0.00668200,nan,A,180928.60
18:09:33.961194,0.13543,0.01379,0.00000,0.00000,[5.00000 0.00000 0.00000],[1.00000 0.00000 0.00000],-0.00151,0.00000,-0.00227,0.00000,0.00000,-0.00389,-0.00018,0.10407,-0.10492,0.97539,0.12078,0.00000,0.00000,0.00000,0.00000,0.00000,0.00000,0.00000,0.00000,0.00000,0.00000,0.00000,57.68810100,11.97967200,0.00000000,0.00000000,0.00668200,nan,A,180928.60
18:09:33.977252,0.15149,0.01413,0.00000,0.00000,[5.00000 0.00000 0.00000],[1.00000 0.00000 0.00000],-0.00150,0.00000,-0.00089,0.00000,0.00000,-0.00206,0.00059,0.10474,-0.10480,0.97807,0.13673,0.00000,0.00000,0.00000,0.00000,0.00000,0.00000,0.00000,0.00000,0.00000,0.00000,0.00000,57.68810100,11.97967200,0.00000000,0.00000000,0.00668200,nan,A,180928.60
18:09:33.995077,0.16932,0.01473,0.00000,0.00000,[5.00000 0.00000 0.00000],[1.00000 0.00000 0.00000],-0.00151,0.00000,-0.00135,0.00000,0.00000,0.00100,-0.00170,0.10492,-0.10529,0.97630,0.15434,0.00000,0.00000,0.00000,0.00000,0.00000,0.00000,0.00000,0.00000,0.00000,0.00000,0.00000,57.68810100,11.97967200,0.00000000,0.00000000,0.00668200,nan,A,180928.60
18:09:34.013286,0.18753,0.01422,0.00000,0.00000,[5.00000 0.00000 0.00000],[1.00000 0.00000 0.00000],-0.00153,0.00000,0.00308,0.00000,0.00000,-0.00099,-0.00063,0.10407,-0.10693,0.97771,0.17256,0.00000,0.00000,0.00000,0.00000,0.00000,0.00000,0.00000,0.00000,0.00000,0.00000,0.00000,57.68810100,11.97967200,0.00000000,0.00000000,0.00668200,nan,A,180928.60
18:09:34.030746,0.20499,0.01444,0.00000,0.00000,[5.00000 0.00000 0.00000],[1.00000 0.00000 0.00000],-0.00152,0.00000,-0.00150,0.00000,0.00000,-0.00114,-0.00247,0.10730,-0.10577,0.97527,0.19075,0.00000,0.00000,0.00000,0.00000,0.00000,0.00000,0.00000,0.00000,0.00000,0.00000,0.00000,57.68810100,11.97967200,0.00000000,0.00000000,0.00668200,nan,A,180928.60
18:09:34.050664,0.22490,0.01689,0.00000,0.00000,[5.00000 0.00000 0.00000],[1.00000 0.00000 0.00000],-0.00151,0.00000,-0.00196,0.00000,0.00000,0.00024,-0.00308,0.10571,-0.10559,0.97832,0.20792,0.00000,0.00000,0.00000,0.00000,0.00000,0.00000,0.00000,0.00000,0.00000,0.00000,0.00000,57.68810100,11.97967200,0.00000000,0.00000000,0.00668200,nan,A,180928.60
18:09:34.068279,0.24251,0.01509,0.00000,0.00000,[5.00000 0.00000 0.00000],[1.00000 0.00000 0.00000],-0.00151,0.00000,0.00033,0.00000,0.00000,0.00176,0.00242,0.10553,-0.10480,0.97283,0.22655,0.00000,0.00000,0.00000,0.00000,0.00000,0.00000,0.00000,0.00000,0.00000,0.00000,0.00000,57.68810100,11.97967200,0.00000000,0.00000000,0.00668200,nan,A,180928.60
18:09:34.086449,0.26068,0.01624,0.00000,0.00000,[5.00000 0.00000 0.00000],[1.00000 0.00000 0.00000],-0.00151,0.00000,-0.00303,0.00000,0.00000,0.00161,-0.00002,0.10455,-0.10480,0.97600,0.24426,0.00000,0.00000,0.00000,0.00000,0.00000,0.00000,0.00000,0.00000,0.00000,0.00000,0.00000,57.68810100,11.97967200,0.00000000,0.00000000,0.00668200,nan,A,180928.60
18:09:34.102871,0.27711,0.01443,0.00000,0.00000,[5.00000 0.00000 0.00000],[1.00000 0.00000 0.00000],-0.00153,0.00000,0.00125,0.00000,0.00000,-0.00144,0.00013,0.10474,-0.10663,0.97624,0.26181,0.00000,0.00000,0.00000,0.00000,0.00000,0.00000,0.00000,0.00000,0.00000,0.00000,0.00000,57.68810100,11.97967200,0.00000000,0.00000000,0.00668200,nan,A,180928.60
18:09:34.119481,0.29373,0.01416,0.00000,0.00000,[5.00000 0.00000 0.00000],[1.00000 0.00000 0.00000],-0.00150,0.00000,0.00002,0.00000,0.00000,-0.00328,-0.00018,0.10443,-0.10370,0.97667,0.27939,0.00000,0.00000,0.00000,0.00000,0.00000,0.00000,0.00000,0.00000,0.00000,0.00000,0.00000,57.68810100,11.97967200,0.00000000,0.00000000,0.00668200,nan,A,180928.60
18:09:34.138275,0.31250,0.01460,0.00000,0.00000,[5.00000 0.00000 0.00000],[1.00000 0.00000 0.00000],-0.00151,0.00000,-0.00425,0.00000,0.00000,-0.00236,-0.00201,0.10577,-0.10522,0.97771,0.29774,0.00000,0.00000,0.00000,0.00000,0.00000,0.00000,0.00000,0.00000,0.00000,0.00000,0.00000,57.68810100,11.97967200,0.00000000,0.00000000,0.00668200,nan,A,180928.60
18:09:34.155351,0.32959,0.01334,0.00000,0.00000,[5.00000 0.00000 0.00000],[1.00000 0.00000 0.00000],-0.00150,0.00000,0.00064,0.00000,0.00000,0.00130,-0.00094,0.10742,-0.10401,0.97533,0.31617,0.00000,0.00000,0.00000,0.00000,0.00000,0.00000,0.00000,0.00000,0.00000,0.00000,0.00000,57.68810100,11.97967200,0.00000000,0.00000000,0.00668200,nan,A,180928.60
18:09:34.175087,0.34855,0.01629,0.00000,0.00000,[5.00000 0.00000 0.00000],[1.00000 0.00000 0.00000],-0.00151,0.00000,-0.00196,0.00000,0.00000,-0.00068,-0.00262,0.10541,-0.10553,0.97716,0.33138,0.00000,0.00000,0.00000,0.00000,0.00000,0.00000,0.00000,0.00000,0.00000,0.00000,0.00000,57.68810100,11.97967200,0.00000000,0.00000000,0.00668200,nan,A,180928.60
18:09:34.193726,0.36785,0.01638,0.00000,0.00000,[5.00000 0.00000 0.00000],[1.00000 0.00000 0.00000],-0.00152,0.00000,-0.00074,0.00000,0.00000,-0.00221,-0.00109,0.10468,-0.10620,0.97655,0.35176,0.00000,0.00000,0.00000,0.00000,0.00000,0.00000,0.00000,0.00000,0.00000,0.00000,0.00000,57.68810100,11.97967200,0.00000000,0.00000000,0.00668200,nan,A,180928.60
18:09:34.214311,0.38855,0.01679,0.00000,0.00000,[5.00000 0.00000 0.00000],[1.00000 0.00000 0.00000],-0.00153,0.00000,-0.00440,0.00000,0.00000,-0.00144,-0.00018,0.10486,-0.10644,0.97411,0.37157,0.00000,0.00000,0.00000,0.00000,0.00000,0.00000,0.00000,0.00000,0.00000,0.00000,0.00000,57.68810100,11.97967200,0.00000000,0.00000000,0.00668200,nan,A,180928.60
18:09:34.232658,0.40633,0.01585,0.00000,0.00000,[5.00000 0.00000 0.00000],[1.00000 0.00000 0.00000],-0.00150,0.00000,0.00140,0.00000,0.00000,-0.00175,-0.00262,0.10492,-0.10480,0.97826,0.39036,0.00000,0.00000,0.00000,0.00000,0.00000,0.00000,0.00000,0.00000,0.00000,0.00000,0.00000,57.68810100,11.97967200,0.00000000,0.00000000,0.00668200,nan,A,180928.60
18:09:34.249795,0.42356,0.01472,0.00000,0.00000,[5.00000 0.00000 0.00000],[1.00000 0.00000 0.00000],-0.00152,0.00000,0.00064,0.00000,0.00000,-0.00282,0.00120,0.10779,-0.10632,0.97887,0.40797,0.00000,0.00000,0.00000,0.00000,0.00000,0.00000,0.00000,0.00000,0.00000,0.00000,0.00000,57.68810100,11.97967200,0.00000000,0.00000000,0.00668200,nan,A,180928.60
18:09:34.267152,0.44124,0.01465,0.00000,0.00000,[5.00000 0.00000 0.00000],[1.00000 0.00000 0.00000],-0.00150,0.00000,0.00064,0.00000,0.00000,-0.00144,-0.00109,0.10620,-0.10461,0.97734,0.42634,0.00000,0.00000,0.00000,0.00000,0.00000,0.00000,0.00000,0.00000,0.00000,0.00000,0.00000,57.68810100,11.97967200,0.00000000,0.00000000,0.00668200,nan,A,180928.60
18:09:34.286083,0.46032,0.01572,0.00000,0.00000,[5.00000 0.00000 0.00000],[1.00000 0.00000 0.00000],-0.00152,0.00000,0.00079,0.00000,0.00000,0.00207,-0.00186,0.10461,-0.10608,0.97454,0.44491,0.00000,0.00000,0.00000,0.00000,0.00000,0.00000,0.00000,0.00000,0.00000,0.00000,0.00000,57.68810100,11.97967200,0.00000000,0.00000000,0.00668200,nan,A,180928.60
18:09:34.305542,0.47923,0.01666,0.00000,0.00000,[5.00000 0.00000 0.00000],[1.00000 0.00000 0.00000],-0.00151,0.00000,-0.00043,0.00000,0.00000,0.00176,-0.00277,0.10486,-0.10480,0.97576,0.46288,0.00000,0.00000,0.00000,0.00000,0.00000,0.00000,0.00000,0.00000,0.00000,0.00000,0.00000,57.68810100,11.97967200,0.00000000,0.00000000,0.00668200,nan,A,180928.60
18:09:34.321332,0.49558,0.01379,0.00000,0.00000,[5.00000 0.00000 0.00000],[1.00000 0.00000 0.00000],-0.00151,0.00000,-0.00242,0.00000,0.00000,-0.00297,-0.00338,0.10638,-0.10510,0.97752,0.48091,0.00000,0.00000,0.00000,0.00000,0.00000,0.00000,0.00000,0.00000,0.00000,0.00000,0.00000,57.68810100,11.97967200,0.00000000,0.00000000,0.00668200,nan,A,180928.60
18:09:34.338070,0.51231,0.01483,0.00000,0.00000,[5.00000 0.00000 0.00000],[1.00000 0.00000 0.00000],-0.00151,0.00000,0.00048,0.00000,0.00000,-0.00053,0.00044,0.10407,-0.10492,0.97698,0.49780,0.00000,0.00000,0.00000,0.00000,0.00000,0.00000,0.00000,0.00000,0.00000,0.00000,0.00000,57.68810100,11.97967200,0.00000000,0.00000000,0.00668200,nan,A,180928.60
18:09:34.356446,0.53068,0.01646,0.00000,0.00000,[5.00000 0.00000 0.00000],[1.00000 0.00000 0.00000],-0.00151,0.00000,0.00247,0.00000,0.00000,-0.00038,0.00120,0.10669,-0.10547,0.97655,0.51335,0.00000,0.00000,0.00000,0.00000,0.00000,0.00000,0.00000,0.00000,0.00000,0.00000,0.00000,57.68810100,11.97967200,0.00000000,0.00000000,0.00668200,nan,A,180928.60
18:09:34.375290,0.54953,0.01684,0.00000,0.00000,[5.00000 0.00000 0.00000],[1.00000 0.00000 0.00000],-0.00152,0.00000,-0.00410,0.00000,0.00000,-0.00022,0.00181,0.10553,-0.10559,0.97521,0.53286,0.00000,0.00000,0.00000,0.00000,0.00000,0.00000,0.00000,0.00000,0.00000,0.00000,0.00000,57.68810100,11.97967200,0.00000000,0.00000000,0.00668200,nan,A,180928.60
18:09:34.393708,0.56794,0.01583,0.00000,0.00000,[5.00000 0.00000 0.00000],[1.00000 0.00000 0.00000],-0.00151,0.00000,0.00216,0.00000,0.00000,-0.00083,-0.00124,0.10529,-0.10529,0.97673,0.55124,0.00000,0.00000,0.00000,0.00000,0.00000,0.00000,0.00000,0.00000,0.00000,0.00000,0.00000,57.68810100,11.97967200,0.00000000,0.00000000,0.00668200,nan,A,180928.60
18:09:34.412626,0.58686,0.01698,0.00000,0.00000,[5.00000 0.00000 0.00000],[1.00000 0.00000 0.00000],-0.00150,0.00000,0.00308,0.00000,0.00000,0.00253,0.00089,0.10279,-0.10443,0.97722,0.56974,0.00000,0.00000,0.00000,0.00000,0.00000,0.00000,0.00000,0.00000,0.00000,0.00000,0.00000,57.68810100,11.97967200,0.00000000,0.00000000,0.00668200,nan,A,180928.60
18:09:34.435220,0.60945,0.01860,0.00000,0.00000,[5.00000 0.00000 0.00000],[1.00000 0.00000 0.00000],-0.00152,0.00000,-0.00059,0.00000,0.00000,0.00436,-0.00018,0.10437,-0.10620,0.97844,0.59088,0.00000,0.00000,0.00000,0.00000,0.00000,0.00000,0.00000,0.00000,0.00000,0.00000,0.00000,57.68810100,11.97967200,0.00000000,0.00000000,0.00668200,nan,A,180928.60
18:09:34.454003,0.62823,0.01592,0.00000,0.00000,[5.00000 0.00000 0.00000],[1.00000 0.00000 0.00000],-0.00151,0.00000,-0.00242,0.00000,0.00000,0.00222,0.00013,0.10522,-0.10504,0.97618,0.61159,0.00000,0.00000,0.00000,0.00000,0.00000,0.00000,0.00000,0.00000,0.00000,0.00000,0.00000,57.68810100,11.97967200,0.00000000,0.00000000,0.00668200,nan,A,180928.60
18:09:34.474446,0.64813,0.01602,0.00000,0.00000,[5.00000 0.00000 0.00000],[1.00000 0.00000 0.00000],-0.00150,0.00000,0.00079,0.00000,0.00000,-0.00114,-0.00109,0.10529,-0.10394,0.97759,0.63136,0.00000,0.00000,0.00000,0.00000,0.00000,0.00000,0.00000,0.00000,0.00000,0.00000,0.00000,57.68810100,11.97967200,0.00000000,0.00000000,0.00668200,nan,A,180928.60
18:09:34.491668,0.66589,0.01524,0.00000,0.00000,[5.00000 0.00000 0.00000],[1.00000 0.00000 0.00000],-0.00152,0.00000,0.00201,0.00000,0.00000,-0.00099,-0.00018,0.10260,-0.10626,0.97557,0.65065,0.00000,0.00000,0.00000,0.00000,0.00000,0.00000,0.00000,0.00000,0.00000,0.00000,0.00000,57.68810100,11.97967200,0.00000000,0.00000000,0.00668200,nan,A,180928.60
18:09:34.507207,0.68109,0.01252,0.00000,0.00000,[5.00000 0.00000 0.00000],[1.00000 0.00000 0.00000],-0.00150,0.00000,-0.00059,0.00000,0.00000,-0.00206,0.00135,0.10718,-0.10376,0.97484,0.66834,0.00000,0.00000,0.00000,0.00000,0.00000,0.00000,0.00000,0.00000,0.00000,0.00000,0.00000,57.68810100,11.97967200,0.00000000,0.00000000,0.00668200,nan,A,180928.60
18:09:34.526809,0.70100,0.01642,0.00000,0.00000,[5.00000 0.00000 0.00000],[1.00000 0.00000 0.00000],-0.00152,0.00000,-0.00104,0.00000,0.00000,-0.00206,-0.00094,0.10346,-0.10608,0.97557,0.68521,0.00000,0.00000,0.00000,0.00000,0.00000,0.00000,0.00000,0.00000,0.00000,0.00000,0.00000,57.68810100,11.97967200,0.00000000,0.00000000,0.00668200,nan,A,180928.60
18:09:34.544055,0.71787,0.01488,0.00000,0.00000,[5.00000 0.00000 0.00000],[1.00000 0.00000 0.00000],-0.00149,0.00000,0.00109,0.00000,0.00000,-0.00557,-0.00109,0.10626,-0.10388,0.97899,0.70212,0.00000,0.00000,0.00000,0.00000,0.00000,0.00000,0.00000,0.00000,0.00000,0.00000,0.00000,57.68810100,11.97967200,0.00000000,0.00000000,0.00668200,nan,A,180928.60
18:09:34.561682,0.73593,0.01459,0.00000,0.00000,[5.00000 0.00000 0.00000],[1.00000 0.00000 0.00000],-0.00150,0.00000,-0.00074,0.00000,0.00000,0.00146,-0.00018,0.10553,-0.10437,0.97637,0.72062,0.00000,0.00000,0.00000,0.00000,0.00000,0.00000,0.00000,0.00000,0.00000,0.00000,0.00000,57.68810100,11.97967200,0.00000000,0.00000000,0.00668200,nan,A,180928.60
18:09:34.580285,0.75452,0.01668,0.00000,0.00000,[5.00000 0.00000 0.00000],[1.00000 0.00000 0.00000],-0.00152,0.00000,0.00354,0.00000,0.00000,-0.00236,-0.00079,0.10571,-0.10596,0.97429,0.73820,0.00000,0.00000,0.00000,0.00000,0.00000,0.00000,0.00000,0.00000,0.00000,0.00000,0.00000,57.68810100,11.97967200,0.00000000,0.00000000,0.00668200,nan,A,180928.60
18:09:34.599868,0.77368,0.01677,0.00000,0.00000,[5.00000 0.00000 0.00000],[1.00000 0.00000 0.00000],-0.00150,0.00000,0.00201,0.00000,0.00000,-0.00251,0.00227,0.10498,-0.10468,0.97728,0.75556,0.00000,0.00000,0.00000,0.00000,0.00000,0.00000,0.00000,0.00000,0.00000,0.00000,0.00000,57.68810100,11.97967200,0.00000000,0.00000000,0.00668200,nan,A,180928.60
18:09:34.616557,0.79079,0.01425,0.00000,0.00000,[5.00000 0.00000 0.00000],[1.00000 0.00000 0.00000],-0.00154,0.00000,0.00262,0.00000,0.00000,-0.00007,-0.00124,0.10486,-0.10754,0.97557,0.77580,0.00000,0.00000,0.00000,0.00000,0.00000,0.00000,0.00000,0.00000,0.00000,0.00000,0.00000,57.68810100,11.97967200,0.00000000,0.00000000,0.00668200,nan,A,180928.60
18:09:34.635017,0.80925,0.01515,0.00000,0.00000,[5.00000 0.00000 0.00000],[1.00000 0.00000 0.00000],-0.00151,0.00000,-0.00379,0.00000,0.00000,-0.00343,-0.00323,0.10407,-0.10474,0.97569,0.79411,0.00000,0.00000,0.00000,0.00000,0.00000,0.00000,0.00000,0.00000,0.00000,0.00000,0.00000,57.68810100,11.97967200,0.00000000,0.00000000,0.00668200,nan,A,180928.60
18:09:34.655842,0.82960,0.01842,0.00000,0.00000,[5.00000 0.00000 0.00000],[1.00000 0.00000 0.00000],-0.00150,0.00000,-0.00440,0.00000,0.00000,0.00314,0.00242,0.10541,-0.10437,0.97502,0.81249,0.00000,0.00000,0.00000,0.00000,0.00000,0.00000,0.00000,0.00000,0.00000,0.00000,0.00000,57.68810100,11.97967200,0.00000000,0.00000000,0.00668200,nan,A,180928.60
18:09:34.674193,0.84843,0.01546,0.00000,0.00000,[5.00000 0.00000 0.00000],[1.00000 0.00000 0.00000],-0.00151,0.00000,0.00415,0.00000,0.00000,0.00008,-0.00033,0.10754,-0.10535,0.97752,0.83315,0.00000,0.00000,0.00000,0.00000,0.00000,0.00000,0.00000,0.00000,0.00000,0.00000,0.00000,57.68810100,11.97967200,0.00000000,0.00000000,0.00668200,nan,A,180928.60
18:09:34.692579,0.86683,0.01637,0.00000,0.00000,[5.00000 0.00000 0.00000],[1.00000 0.00000 0.00000],-0.00150,0.00000,-0.00028,0.00000,0.00000,0.00054,0.00257,0.10669,-0.10443,0.97624,0.85123,0.00000,0.00000,0.00000,0.00000,0.00000,0.00000,0.00000,0.00000,0.00000,0.00000,0.00000,57.68810100,11.97967200,0.00000000,0.00000000,0.00668200,nan,A,180928.60
18:09:34.713955,0.88818,0.01807,0.00000,0.00000,[5.00000 0.00000 0.00000],[1.00000 0.00000 0.00000],-0.00151,0.00000,0.00155,0.00000,0.00000,-0.00267,0.00166,0.10583,-0.10468,0.97484,0.87040,0.00000,0.00000,0.00000,0.00000,0.00000,0.00000,0.00000,0.00000,0.00000,0.00000,0.00000,57.68810100,11.97967200,0.00000000,0.00000000,0.00668200,nan,A,180928.60
18:09:34.731243,0.90547,0.01484,0.00000,0.00000,[5.00000 0.00000 0.00000],[1.00000 0.00000 0.00000],-0.00152,0.00000,0.00415,0.00000,0.00000,0.00222,0.00028,0.10480,-0.10638,0.97667,0.88994,0.00000,0.00000,0.00000,0.00000,0.00000,0.00000,0.00000,0.00000,0.00000,0.00000,0.00000,57.68810100,11.97967200,0.00000000,0.00000000,0.00668200,nan,A,180928.60
18:09:34.749710,0.92330,0.01411,0.00000,0.00000,[5.00000 0.00000 0.00000],[1.00000 0.00000 0.00000],-0.00151,0.00000,-0.00150,0.00000,0.00000,-0.00190,0.00074,0.10718,-0.10492,0.97490,0.90835,0.00000,0.00000,0.00000,0.00000,0.00000,0.00000,0.00000,0.00000,0.00000,0.00000,0.00000,57.68810100,11.97967200,0.00000000,0.00000000,0.00668200,nan,A,180928.60
18:09:34.766804,0.94100,0.01434,0.00000,0.00000,[5.00000 0.00000 0.00000],[1.00000 0.00000 0.00000],-0.00151,0.00000,-0.00288,0.00000,0.00000,-0.00206,-0.00048,0.10766,-0.10486,0.97679,0.92582,0.00000,0.00000,0.00000,0.00000,0.00000,0.00000,0.00000,0.00000,0.00000,0.00000,0.00000,57.68810100,11.97967200,0.00000000,0.00000000,0.00668200,nan,A,180928.60
18:09:34.781549,0.95579,0.01282,0.00000,0.00000,[5.00000 0.00000 0.00000],[1.00000 0.00000 0.00000],-0.00150,0.00000,-0.00104,0.00000,0.00000,0.00298,-0.00018,0.10401,-0.10461,0.97643,0.94236,0.00000,0.00000,0.00000,0.00000,0.00000,0.00000,0.00000,0.00000,0.00000,0.00000,0.00000,57.68810100,11.97967200,0.00000000,0.00000000,0.00668200,nan,A,180928.60
18:09:34.796145,0.97039,0.01197,0.00000,0.00000,[5.00000 0.00000 0.00000],[1.00000 0.00000 0.00000],-0.00153,0.00000,-0.00227,0.00000,0.00000,-0.00053,0.00364,0.10748,-0.10699,0.97557,0.95755,0.00000,0.00000,0.00000,0.00000,0.00000,0.00000,0.00000,0.00000,0.00000,0.00000,0.00000,57.68810100,11.97967200,0.00000000,0.00000000,0.00668200,nan,A,180928.60
18:09:34.813689,0.98793,0.01489,0.00000,0.00000,[5.00000 0.00000 0.00000],[1.00000 0.00000 0.00000],-0.00150,0.00000,-0.00379,0.00000,0.00000,0.00222,-0.00430,0.10437,-0.10461,0.97649,0.97346,0.00000,0.00000,0.00000,0.00000,0.00000,0.00000,0.00000,0.00000,0.00000,0.00000,0.00000,57.68810100,11.97967200,0.00000000,0.00000000,0.00668200,nan,A,180928.60
18:09:34.832704,1.00693,0.01546,0.00000,0.00000,[5.00000 0.00000 0.00000],[1.00000 0.00000 0.00000],-0.00150,0.00000,-0.00303,0.00000,0.00000,-0.00099,-0.00170,0.10712,-0.10419,0.97838,0.99126,0.00000,0.00000,0.00000,0.00000,0.00000,0.00000,0.00000,0.00000,0.00000,0.00000,0.00000,57.68810100,11.97967200,0.00000000,0.00000000,0.00668200,nan,A,180928.60
18:09:34.850343,1.02458,0.01513,0.00000,0.00000,[5.00000 0.00000 0.00000],[1.00000 0.00000 0.00000],-0.00152,0.00000,0.00048,0.00000,0.00000,-0.00053,0.00074,0.10407,-0.10590,0.97576,1.00961,0.00000,0.00000,0.00000,0.00000,0.00000,0.00000,0.00000,0.00000,0.00000,0.00000,0.00000,57.68810100,11.97967200,0.00000000,0.00000000,0.00668200,nan,A,180928.60
18:09:34.867603,1.04184,0.01469,0.00000,0.00000,[5.00000 0.00000 0.00000],[1.00000 0.00000 0.00000],-0.00151,0.00000,-0.00028,0.00000,0.00000,-0.00129,-0.00033,0.10321,-0.10498,0.97752,1.02651,0.00000,0.00000,0.00000,0.00000,0.00000,0.00000,0.00000,0.00000,0.00000,0.00000,0.00000,57.68810100,11.97967200,0.00000000,0.00000000,0.00668200,nan,A,180928.60
18:09:34.884288,1.05852,0.01475,0.00000,0.00000,[5.00000 0.00000 0.00000],[1.00000 0.00000 0.00000],-0.00151,0.00000,-0.00028,0.00000,0.00000,-0.00129,-0.00170,0.10529,-0.10510,0.97728,1.04290,0.00000,0.00000,0.00000,0.00000,0.00000,0.00000,0.00000,0.00000,0.00000,0.00000,0.00000,57.68810100,11.97967200,0.00000000,0.00000000,0.00668200,nan,A,180928.60
18:09:34.901478,1.07571,0.01526,0.00000,0.00000,[5.00000 0.00000 0.00000],[1.00000 0.00000 0.00000],-0.00152,0.00000,0.00155,0.00000,0.00000,-0.00251,-0.00369,0.10583,-0.10644,0.97563,1.06030,0.00000,0.00000,0.00000,0.00000,0.00000,0.00000,0.00000,0.00000,0.00000,0.00000,0.00000,57.68810100,11.97967200,0.00000000,0.00000000,0.00668200,nan,A,180928.60
18:09:34.922958,1.09709,0.01786,0.00000,0.00000,[5.00000 0.00000 0.00000],[1.00000 0.00000 0.00000],-0.00150,0.00000,-0.00059,0.00000,0.00000,0.00161,0.00181,0.10504,-0.10413,0.97588,1.07885,0.00000,0.00000,0.00000,0.00000,0.00000,0.00000,0.00000,0.00000,0.00000,0.00000,0.00000,57.68810100,11.97967200,0.00000000,0.00000000,0.00668200,nan,A,180928.60
18:09:34.940601,1.11483,0.01492,0.00000,0.00000,[5.00000 0.00000 0.00000],[1.00000 0.00000 0.00000],-0.00150,0.00000,0.00186,0.00000,0.00000,-0.00053,0.00089,0.10559,-0.10388,0.97740,1.10011,0.00000,0.00000,0.00000,0.00000,0.00000,0.00000,0.00000,0.00000,0.00000,0.00000,0.00000,57.68810100,11.97967200,0.00000000,0.00000000,0.00668200,nan,A,180928.60
18:09:34.958760,1.13299,0.01562,0.00000,0.00000,[5.00000 0.00000 0.00000],[1.00000 0.00000 0.00000],-0.00151,0.00000,0.00140,0.00000,0.00000,-0.00129,-0.00140,0.10687,-0.10480,0.97563,1.11651,0.00000,0.00000,0.00000,0.00000,0.00000,0.00000,0.00000,0.00000,0.00000,0.00000,0.00000,57.68810100,11.97967200,0.00000000,0.00000000,0.00668200,nan,A,180928.60
18:09:34.977193,1.15128,0.01574,0.00000,0.00000,[5.00000 0.00000 0.00000],[1.00000 0.00000 0.00000],-0.00150,0.00000,0.00109,0.00000,0.00000,0.00008,0.00212,0.10596,-0.10425,0.97655,1.13589,0.00000,0.00000,0.00000,0.00000,0.00000,0.00000,0.00000,0.00000,0.00000,0.00000,0.00000,57.68810100,11.97967200,0.00000000,0.00000000,0.00668200,nan,A,180928.60
18:09:34.994018,1.16826,0.01490,0.00000,0.00000,[5.00000 0.00000 0.00000],[1.00000 0.00000 0.00000],-0.00152,0.00000,-0.00150,0.00000,0.00000,0.00024,-0.00323,0.10449,-0.10626,0.97966,1.15337,0.00000,0.00000,0.00000,0.00000,0.00000,0.00000,0.00000,0.00000,0.00000,0.00000,0.00000,57.68810100,11.97967200,0.00000000,0.00000000,0.00668200,nan,A,180928.60
18:09:35.011741,1.18542,0.01454,0.00000,0.00000,[5.00000 0.00000 0.00000],[1.00000 0.00000 0.00000],-0.00153,0.00000,0.00094,0.00000,0.00000,-0.00144,0.00196,0.10608,-0.10724,0.97771,1.17077,0.00000,0.00000,0.00000,0.00000,0.00000,0.00000,0.00000,0.00000,0.00000,0.00000,0.00000,57.68810100,11.97967200,0.00000000,0.00000000,0.00668200,nan,A,180928.60
18:09:35.031498,1.20573,0.01636,0.00000,0.00000,[5.00000 0.00000 0.00000],[1.00000 0.00000 0.00000],-0.00151,0.00000,0.00277,0.00000,0.00000,-0.00267,-0.00109,0.10602,-0.10547,0.97752,1.18961,0.00000,0.00000,0.00000,0.00000,0.00000,0.00000,0.00000,0.00000,0.00000,0.00000,0.00000,57.68810100,11.97967200,0.00000000,0.00000000,0.00668200,nan,A,180928.60
18:09:35.052251,1.22608,0.01682,0.00000,0.00000,[5.00000 0.00000 0.00000],[1.00000 0.00000 0.00000],-0.00151,0.00000,0.00262,0.00000,0.00000,-0.00297,-0.00063,0.10333,-0.10529,0.97698,1.20850,0.00000,0.00000,0.00000,0.00000,0.00000,0.00000,0.00000,0.00000,0.00000,0.00000,0.00000,57.68810100,11.97967200,0.00000000,0.00000000,0.00668200,nan,A,180928.60
18:09:35.071847,1.24607,0.01715,0.00000,0.00000,[5.00000 0.00000 0.00000],[1.00000 0.00000 0.00000],-0.00151,0.00000,-0.00150,0.00000,0.00000,-0.00038,-0.00002,0.10651,-0.10492,0.97551,1.22818,0.00000,0.00000,0.00000,0.00000,0.00000,0.00000,0.00000,0.00000,0.00000,0.00000,0.00000,57.68810100,11.97967200,0.00000000,0.00000000,0.00668200,nan,A,180928.60
18:09:35.091481,1.26561,0.01699,0.00000,0.00000,[5.00000 0.00000 0.00000],[1.00000 0.00000 0.00000],-0.00150,0.00000,-0.00318,0.00000,0.00000,0.00161,0.00028,0.10882,-0.10419,0.97673,1.24838,0.00000,0.00000,0.00000,0.00000,0.00000,0.00000,0.00000,0.00000,0.00000,0.00000,0.00000,57.68810100,11.97967200,0.00000000,0.00000000,0.00668200,nan,A,180928.60
18:09:35.107865,1.28209,0.01443,0.00000,0.00000,[5.00000 0.00000 0.00000],[1.00000 0.00000 0.00000],-0.00149,0.00000,-0.00013,0.00000,0.00000,-0.00190,-0.00079,0.10425,-0.10315,0.97704,1.26679,0.00000,0.00000,0.00000,0.00000,0.00000,0.00000,0.00000,0.00000,0.00000,0.00000,0.00000,57.68810100,11.97967200,0.00000000,0.00000000,0.00668200,nan,A,180928.60
18:09:35.124545,1.29875,0.01472,0.00000,0.00000,[5.00000 0.00000 0.00000],[1.00000 0.00000 0.00000],-0.00151,0.00000,0.00048,0.00000,0.00000,0.00161,0.00044,0.10919,-0.10474,0.97563,1.28315,0.00000,0.00000,0.00000,0.00000,0.00000,0.00000,0.00000,0.00000,0.00000,0.00000,0.00000,57.68810100,11.97967200,0.00000000,0.00000000,0.00668200,nan,A,180928.60
18:09:35.139402,1.31361,0.01275,0.00000,0.00000,[5.00000 0.00000 0.00000],[1.00000 0.00000 0.00000],-0.00151,0.00000,-0.00303,0.00000,0.00000,0.00253,0.00074,0.10413,-0.10547,0.97643,1.30024,0.00000,0.00000,0.00000,0.00000,0.00000,0.00000,0.00000,0.00000,0.00000,0.00000,0.00000,57.68810100,11.97967200,0.00000000,0.00000000,0.00668200,nan,A,180928.60
18:09:35.154372,1.32861,0.01289,0.00000,0.00000,[5.00000 0.00000 0.00000],[1.00000 0.00000 0.00000],-0.00150,0.00000,-0.00013,0.00000,0.00000,-0.00099,-0.00155,0.10486,-0.10388,0.97624,1.31497,0.00000,0.00000,0.00000,0.00000,0.00000,0.00000,0.00000,0.00000,0.00000,0.00000,0.00000,57.68810100,11.97967200,0.00000000,0.00000000,0.00668200,nan,A,180928.60
18:09:35.170257,1.34446,0.01353,0.00000,0.00000,[5.00000 0.00000 0.00000],[1.00000 0.00000 0.00000],-0.00152,0.00000,-0.00349,0.00000,0.00000,-0.00190,-0.00109,0.10541,-0.10583,0.97698,1.33023,0.00000,0.00000,0.00000,0.00000,0.00000,0.00000,0.00000,0.00000,0.00000,0.00000,0.00000,57.68810100,11.97967200,0.00000000,0.00000000,0.00668200,nan,A,180928.60
18:09:35.185004,1.35924,0.01265,0.00000,0.00000,[5.00000 0.00000 0.00000],[1.00000 0.00000 0.00000],-0.00153,0.00000,0.00293,0.00000,0.00000,0.00100,-0.00186,0.10736,-0.10675,0.97655,1.34588,0.00000,0.00000,0.00000,0.00000,0.00000,0.00000,0.00000,0.00000,0.00000,0.00000,0.00000,57.68810100,11.97967200,0.00000000,0.00000000,0.00668200,nan,A,180928.60
18:09:35.200049,1.37426,0.01282,0.00000,0.00000,[5.00000 0.00000 0.00000],[1.00000 0.00000 0.00000],-0.00151,0.00000,0.00094,0.00000,0.00000,-0.00190,-0.00399,0.10602,-0.10559,0.97899,1.36063,0.00000,0.00000,0.00000,0.00000,0.00000,0.00000,0.00000,0.00000,0.00000,0.00000,0.00000,57.68810100,11.97967200,0.00000000,0.00000000,0.00668200,nan,A,180928.60
18:09:35.214765,1.38900,0.01266,0.00000,0.00000,[5.00000 0.00000 0.00000],[1.00000 0.00000 0.00000],-0.00150,0.00000,-0.00028,0.00000,0.00000,-0.00206,-0.00323,0.10535,-0.10407,0.97893,1.37560,0.00000,0.00000,0.00000,0.00000,0.00000,0.00000,0.00000,0.00000,0.00000,0.00000,0.00000,57.68810100,11.97967200,0.00000000,0.00000000,0.00668200,nan,A,180928.60
18:09:35.229847,1.40407,0.01296,0.00000,0.00000,[5.00000 0.00000 0.00000],[1.00000 0.00000 0.00000],-0.00151,0.00000,-0.00013,0.00000,0.00000,0.00359,0.00273,0.10577,-0.10468,0.97600,1.39051,0.00000,0.00000,0.00000,0.00000,0.00000,0.00000,0.00000,0.00000,0.00000,0.00000,0.00000,57.68810100,11.97967200,0.00000000,0.00000000,0.00668200,nan,A,180928.60
18:09:35.244711,1.41894,0.01263,0.00000,0.00000,[5.00000 0.00000 0.00000],[1.00000 0.00000 0.00000],-0.00150,0.00000,0.00186,0.00000,0.00000,-0.00144,-0.00109,0.10614,-0.10437,0.97734,1.40558,0.00000,0.00000,0.00000,0.00000,0.00000,0.00000,0.00000,0.00000,0.00000,0.00000,0.00000,57.68810100,11.97967200,0.00000000,0.00000000,0.00668200,nan,A,180928.60
18:09:35.259811,1.43404,0.01289,0.00000,0.00000,[5.00000 0.00000 0.00000],[1.00000 0.00000 0.00000],-0.00152,0.00000,0.00384,0.00000,0.00000,-0.00190,-0.00140,0.10498,-0.10620,0.97673,1.42054,0.00000,0.00000,0.00000,0.00000,0.00000,0.00000,0.00000,0.00000,0.00000,0.00000,0.00000,57.68810100,11.97967200,0.00000000,0.00000000,0.00668200,nan,A,180928.60
18:09:35.275050,1.44928,0.01315,0.00000,0.00000,[5.00000 0.00000 0.00000],[1.00000 0.00000 0.00000],-0.00149,0.00000,0.00079,0.00000,0.00000,-0.00038,0.00089,0.10632,-0.10346,0.97588,1.43536,0.00000,0.00000,0.00000,0.00000,0.00000,0.00000,0.00000,0.00000,0.00000,0.00000,0.00000,57.68810100,11.97967200,0.00000000,0.00000000,0.00668200,nan,A,180928.60
18:09:35.289755,1.46399,0.01252,0.00000,0.00000,[5.00000 0.00000 0.00000],[1.00000 0.00000 0.00000],-0.00151,0.00000,0.00140,0.00000,0.00000,-0.00083,-0.00079,0.10522,-0.10480,0.97649,1.45074,0.00000,0.00000,0.00000,0.00000,0.00000,0.00000,0.00000,0.00000,0.00000,0.00000,0.00000,57.68810100,11.97967200,0.00000000,0.00000000,0.00668200,nan,A,180928.60
18:09:35.304409,1.47863,0.01260,0.00000,0.00000,[5.00000 0.00000 0.00000],[1.00000 0.00000 0.00000],-0.00149,0.00000,0.00170,0.00000,0.00000,0.00039,0.00288,0.10553,-0.10315,0.97649,1.46528,0.00000,0.00000,0.00000,0.00000,0.00000,0.00000,0.00000,0.00000,0.00000,0.00000,0.00000,57.68810100,11.97967200,0.00000000,0.00000000,0.00668200,nan,A,180928.60
18:09:35.319174,1.49341,0.01265,0.00000,0.00000,[5.00000 0.00000 0.00000],[1.00000 0.00000 0.00000],-0.00152,0.00000,-0.00135,0.00000,0.00000,0.00161,0.00074,0.10632,-0.10596,0.97691,1.48001,0.00000,0.00000,0.00000,0.00000,0.00000,0.00000,0.00000,0.00000,0.00000,0.00000,0.00000,57.68810100,11.97967200,0.00000000,0.00000000,0.00668200,nan,A,180928.60
18:09:35.334090,1.50831,0.01291,0.00000,0.00000,[5.00000 0.00000 0.00000],[1.00000 0.00000 0.00000],-0.00150,0.00000,0.00079,0.00000,0.00000,0.00405,0.00089,0.10480,-0.10474,0.97905,1.49460,0.00000,0.00000,0.00000,0.00000,0.00000,0.00000,0.00000,0.00000,0.00000,0.00000,0.00000,57.68810100,11.97967200,0.00000000,0.00000000,0.00668200,nan,A,180928.60
18:09:35.349015,1.52325,0.01284,0.00000,0.00000,[5.00000 0.00000 0.00000],[1.00000 0.00000 0.00000],-0.00150,0.00000,-0.00379,0.00000,0.00000,0.00008,-0.00201,0.10632,-0.10401,0.97618,1.50968,0.00000,0.00000,0.00000,0.00000,0.00000,0.00000,0.00000,0.00000,0.00000,0.00000,0.00000,57.68810100,11.97967200,0.00000000,0.00000000,0.00668200,nan,A,180928.60
18:09:35.363720,1.53794,0.01257,0.00000,0.00000,[5.00000 0.00000 0.00000],[1.00000 0.00000 0.00000],-0.00152,0.00000,-0.00120,0.00000,0.00000,-0.00236,-0.00323,0.10590,-0.10602,0.97844,1.52464,0.00000,0.00000,0.00000,0.00000,0.00000,0.00000,0.00000,0.00000,0.00000,0.00000,0.00000,57.68810100,11.97967200,0.00000000,0.00000000,0.00668200,nan,A,180928.60
18:09:35.378403,1.55263,0.01259,0.00000,0.00000,[5.00000 0.00000 0.00000],[1.00000 0.00000 0.00000],-0.00150,0.00000,-0.00135,0.00000,0.00000,-0.00251,-0.00308,0.10644,-0.10394,0.97661,1.53941,0.00000,0.00000,0.00000,0.00000,0.00000,0.00000,0.00000,0.00000,0.00000,0.00000,0.00000,57.68810100,11.97967200,0.00000000,0.00000000,0.00668200,nan,A,180928.60
18:09:35.392987,1.56722,0.01259,0.00000,0.00000,[5.00000 0.00000 0.00000],[1.00000 0.00000 0.00000],-0.00150,0.00000,-0.00028,0.00000,0.00000,0.00008,0.00044,0.10681,-0.10437,0.97557,1.55387,0.00000,0.00000,0.00000,0.00000,0.00000,0.00000,0.00000,0.00000,0.00000,0.00000,0.00000,57.68810100,11.97967200,0.00000000,0.00000000,0.00668200,nan,A,180928.60
18:09:35.407560,1.58178,0.01243,0.00000,0.00000,[5.00000 0.00000 0.00000],[1.00000 0.00000 0.00000],-0.00151,0.00000,-0.00486,0.00000,0.00000,-0.00160,-0.00445,0.10547,-0.10504,0.97618,1.56853,0.00000,0.00000,0.00000,0.00000,0.00000,0.00000,0.00000,0.00000,0.00000,0.00000,0.00000,57.68810100,11.97967200,0.00000000,0.00000000,0.00668200,nan,A,180928.60
18:09:35.422210,1.59644,0.01256,0.00000,0.00000,[5.00000 0.00000 0.00000],[1.00000 0.00000 0.00000],-0.00150,0.00000,0.00659,0.00000,0.00000,-0.00068,-0.00109,0.10602,-0.10394,0.97673,1.58305,0.00000,0.00000,0.00000,0.00000,0.00000,0.00000,0.00000,0.00000,0.00000,0.00000,0.00000,57.68810100,11.97967200,0.00000000,0.00000000,0.00668200,nan,A,180928.60
18:09:35.437093,1.61131,0.01281,0.00000,0.00000,[5.00000 0.00000 0.00000],[1.00000 0.00000 0.00000],-0.00152,0.00000,-0.00135,0.00000,0.00000,0.00008,0.00074,0.10498,-0.10547,0.97356,1.59782,0.00000,0.00000,0.00000,0.00000,0.00000,0.00000,0.00000,0.00000,0.00000,0.00000,0.00000,57.68810100,11.97967200,0.00000000,0.00000000,0.00668200,nan,A,180928.60
18:09:35.452169,1.62637,0.01279,0.00000,0.00000,[5.00000 0.00000 0.00000],[1.00000 0.00000 0.00000],-0.00150,0.00000,0.00125,0.00000,0.00000,-0.00068,0.00028,0.10590,-0.10480,0.97832,1.61287,0.00000,0.00000,0.00000,0.00000,0.00000,0.00000,0.00000,0.00000,0.00000,0.00000,0.00000,57.68810100,11.97967200,0.00000000,0.00000000,0.00668200,nan,A,180928.60
18:09:35.467141,1.64134,0.01286,0.00000,0.00000,[5.00000 0.00000 0.00000],[1.00000 0.00000 0.00000],-0.00149,0.00000,0.00506,0.00000,0.00000,-0.00099,-0.00033,0.10431,-0.10297,0.97643,1.62777,0.00000,0.00000,0.00000,0.00000,0.00000,0.00000,0.00000,0.00000,0.00000,0.00000,0.00000,57.68810100,11.97967200,0.00000000,0.00000000,0.00668200,nan,A,180928.60
18:09:35.482153,1.65637,0.01289,0.00000,0.00000,[5.00000 0.00000 0.00000],[1.00000 0.00000 0.00000],-0.00151,0.00000,0.00033,0.00000,0.00000,-0.00419,0.00074,0.10577,-0.10468,0.97667,1.64276,0.00000,0.00000,0.00000,0.00000,0.00000,0.00000,0.00000,0.00000,0.00000,0.00000,0.00000,57.68810100,11.97967200,0.00000000,0.00000000,0.00668200,nan,A,180928.60
18:09:35.496869,1.67106,0.01268,0.00000,0.00000,[5.00000 0.00000 0.00000],[1.00000 0.00000 0.00000],-0.00152,0.00000,0.00186,0.00000,0.00000,-0.00251,-0.00002,0.10461,-0.10559,0.97386,1.65766,0.00000,0.00000,0.00000,0.00000,0.00000,0.00000,0.00000,0.00000,0.00000,0.00000,0.00000,57.68810100,11.97967200,0.00000000,0.00000000,0.00668200,nan,A,180928.60
18:09:35.511835,1.68607,0.01285,0.00000,0.00000,[5.00000 0.00000 0.00000],[1.00000 0.00000 0.00000],-0.00152,0.00000,0.00170,0.00000,0.00000,0.00069,-0.00018,0.10669,-0.10547,0.97441,1.67251,0.00000,0.00000,0.00000,0.00000,0.00000,0.00000,0.00000,0.00000,0.00000,0.00000,0.00000,57.68810100,11.97967200,0.00000000,0.00000000,0.00668200,nan,A,180928.60
18:09:35.527120,1.70132,0.01293,0.00000,0.00000,[5.00000 0.00000 0.00000],[1.00000 0.00000 0.00000],-0.00151,0.00000,-0.00028,0.00000,0.00000,-0.00083,0.00242,0.10693,-0.10553,0.97649,1.68771,0.00000,0.00000,0.00000,0.00000,0.00000,0.00000,0.00000,0.00000,0.00000,0.00000,0.00000,57.68810100,11.97967200,0.00000000,0.00000000,0.00668200,nan,A,180928.60
18:09:35.541955,1.71619,0.01277,0.00000,0.00000,[5.00000 0.00000 0.00000],[1.00000 0.00000 0.00000],-0.00150,0.00000,0.00064,0.00000,0.00000,0.00283,0.00150,0.10431,-0.10431,0.97649,1.70259,0.00000,0.00000,0.00000,0.00000,0.00000,0.00000,0.00000,0.00000,0.00000,0.00000,0.00000,57.68810100,11.97967200,0.00000000,0.00000000,0.00668200,nan,A,180928.60
